Date,Open,High,Low,Close,Volume,Dividends,Stock Splits,Average_close,Moving_Average,RSI alpha=0.2,Type_Price_0,Type_Price_t,TradingRange_0,TradingRange_t,SMA_10_type_prise,SMA_10_trading_rang,Up_Line_Keltner,Down_Line_Keltner,Median,Signal_by_High_Low_3.0%,Signal_by_Close_3.0%
2024-01-02 00:00:00-05:00,186.23761848029775,187.52133810124718,182.9935167810597,184.7349853515625,82488700,0.0,0.0,,,,185.08328007795646,185.08328007795646,4.527821320187485,4.527821320187485,185.08328007795646,4.527821320187485,189.61110139814394,180.55545875776897,185.25742744115342,,
2024-01-03 00:00:00-05:00,183.32190833232914,184.97381929292,182.53575116647167,183.3517608642578,58414500,0.0,0.0,,,0.0,183.6204437745498,183.6204437745498,2.438068126448343,2.438068126448343,185.08328007795646,4.527821320187485,189.61110139814394,180.55545875776897,183.75478522969584,,
2024-01-04 00:00:00-05:00,181.26198308479132,182.19740286158623,179.99818547387906,181.02316284179688,71983600,0.0,0.0,183.03663635253906,,0.0,181.07291705908742,181.07291705908742,2.199217387707165,2.199217387707165,182.34668041681863,2.318642757077754,184.66532317389638,180.02803765974087,181.09779416773264,,
2024-01-05 00:00:00-05:00,181.10277101042314,181.8690061871609,179.29163655398915,180.2967071533203,62303300,0.0,0.0,183.03663635253906,,0.0,180.48578329815678,180.48578329815678,2.5773696331717417,2.5773696331717417,182.34668041681863,2.318642757077754,184.66532317389638,180.02803765974087,180.580321370575,,
2024-01-08 00:00:00-05:00,181.20228054123743,184.6951784875532,180.6151605231867,184.65536499023438,59144500,0.0,0.0,182.47603607177734,182.81239624023436,43.712558796007606,183.32190133365808,183.32190133365808,4.080017964366505,4.080017964366505,183.32190133365808,4.080017964366505,187.40191929802458,179.24188336929157,182.65516950536994,,
2024-01-09 00:00:00-05:00,183.02335798455337,184.24735728099782,181.83915700040632,184.23741149902344,42841800,0.0,0.0,182.47603607177734,182.71288146972657,41.53625861971265,183.44130859347584,183.44130859347584,2.408200280591501,2.408200280591501,183.32190133365808,4.080017964366505,187.40191929802458,179.24188336929157,183.04325714070205,,
2024-01-10 00:00:00-05:00,183.45127673118873,185.49127057687537,183.02336513916433,185.2823028564453,46792900,0.0,0.0,182.47603607177734,183.09898986816407,49.407635984118485,184.59897952416168,184.59897952416168,2.467905437711039,2.467905437711039,184.02014405881874,2.43805285915127,186.45819691797,181.58209119966747,184.25731785801986,,
2024-01-11 00:00:00-05:00,185.63057672110963,186.13810009590225,182.7248140769861,184.68521118164062,49128400,0.0,0.0,182.47603607177734,183.8313995361328,45.07292848679248,184.516041784843,184.516041784843,3.4132860189161534,3.4132860189161534,184.02014405881874,2.43805285915127,186.45819691797,181.58209119966747,184.43145708644417,,
2024-01-12 00:00:00-05:00,185.1529124416028,185.82960518169298,184.2871587499394,185.0135955810547,40444700,0.0,0.0,184.80463027954102,184.7747772216797,48.19734724377674,185.04345317089567,185.04345317089567,1.542446431753575,1.542446431753575,184.77974747786934,2.4778662253348642,187.25761370320419,182.30188125253449,185.05838196581618,,
2024-01-16 00:00:00-05:00,181.2719521956393,183.36170533773222,180.04793765769844,182.7347869873047,65603000,0.0,0.0,182.7347869873047,184.39066162109376,32.27310225920169,182.04814332757846,182.04814332757846,3.313767680033777,3.313767680033777,182.04814332757846,3.313767680033777,185.36191100761224,178.73437564754468,181.70482149771533,,
2024-01-17 00:00:00-05:00,180.3862988523529,182.03819468263436,179.42102646331548,181.78941345214844,47317400,0.0,0.0,182.7347869873047,183.90106201171875,27.552454336181846,181.0828781993661,181.0828781993661,2.61716821931887,2.61716821931887,182.04814332757846,3.313767680033777,185.36191100761224,178.73437564754468,180.72961057297493,,
2024-01-18 00:00:00-05:00,185.182762792007,188.21789634439324,184.92403582100312,187.71038818359375,78005800,0.0,0.0,182.7347869873047,184.38667907714844,66.22721157853498,186.9507734496634,186.9507734496634,3.293860523390123,3.293860523390123,184.01682582451474,2.9555143713544965,186.97234019586924,181.06131145316024,186.5709660826982,,
2024-01-19 00:00:00-05:00,188.4069897270921,191.01421197583775,187.89948151982946,190.62611389160156,68741000,0.0,0.0,182.7347869873047,185.57485961914062,74.58016583992875,189.8466024624229,189.8466024624229,3.1147304560082887,3.1147304560082887,184.01682582451474,2.9555143713544965,186.97234019586924,181.06131145316024,189.4568467478336,,
2024-01-22 00:00:00-05:00,191.36250312836654,194.37773007418247,191.3226896328841,192.9447479248047,60133900,0.0,0.0,182.7347869873047,187.1610900878906,79.59637901727086,192.88172254395707,192.88172254395707,3.0550404412983596,3.0550404412983596,192.88172254395707,3.0550404412983596,195.93676298525543,189.8266821026587,192.85020985353327,,
2024-01-23 00:00:00-05:00,194.06924615918857,194.79568302432682,192.8850451968675,194.22845458984375,42355600,0.0,0.0,182.7347869873047,189.45982360839844,82.04803171105638,193.9697276036794,193.9697276036794,1.9106378274593112,1.9106378274593112,192.88172254395707,3.0550404412983596,195.93676298525543,189.8266821026587,193.84036411059716,,
2024-01-24 00:00:00-05:00,194.4672860626603,195.42261254918643,193.39254945946814,193.55177307128906,53631300,0.0,0.0,193.57499186197916,191.81229553222656,76.028577737392,194.12231169331457,194.12231169331457,2.0300630897182828,2.0300630897182828,194.04601964849698,1.970350458588797,196.01637010708578,192.07566918990818,194.40758100432728,,
2024-01-25 00:00:00-05:00,194.26827279243787,195.31315691300077,192.1685587692801,193.223388671875,54822100,0.0,0.0,193.57499186197916,192.9148956298828,72.78918215610872,193.56836811805195,193.56836811805195,3.144598143720657,3.144598143720657,194.04601964849698,1.970350458588797,196.01637010708578,192.07566918990818,193.74085784114044,,
2024-01-26 00:00:00-05:00,193.32288994227028,193.81049135303678,191.00424744654802,191.48190307617188,44594000,0.0,0.0,193.57499186197916,193.08605346679687,56.75811407364857,192.09888062525224,192.09888062525224,2.80624390648876,2.80624390648876,192.8336243716521,2.9754210251047084,195.8090453967568,189.85820334654738,192.4073693997924,,
2024-01-29 00:00:00-05:00,191.07392183626405,191.2629979920715,188.65577567784422,190.7952880859375,47145600,0.0,0.0,193.57499186197916,192.65616149902343,51.20067497508959,190.2380205852844,190.2380205852844,2.607222314227272,2.607222314227272,192.8336243716521,2.9754210251047084,195.8090453967568,189.85820334654738,189.95938683495785,,
2024-01-30 00:00:00-05:00,190.00914701951908,190.86495502370778,186.55606247111587,187.12327575683594,55859400,0.0,0.0,193.57499186197916,191.23512573242186,30.945242818793833,188.18143108388654,188.18143108388654,4.308892552591914,4.308892552591914,189.20972583458547,3.458057433409593,192.66778326799505,185.7516684011759,188.71050874741184,,
2024-01-31 00:00:00-05:00,186.12815142243116,186.18787167030365,183.45127824224116,183.5010223388672,55467800,0.0,0.0,193.57499186197916,189.2249755859375,20.799192454548663,184.38005741713732,184.38005741713732,2.7365934280624913,2.7365934280624913,189.20972583458547,3.458057433409593,192.66778326799505,185.7516684011759,184.8195749562724,,
2024-02-01 00:00:00-05:00,183.09303209854838,186.03859323945602,182.9238626911125,185.94903564453125,64885400,0.0,0.0,186.84215545654297,187.77010498046874,37.9780256302555,184.9704971916999,184.9704971916999,3.114730548343516,3.114730548343516,184.67527730441861,2.9256619882030037,187.6009392926216,181.74961531621562,184.48122796528426,,
2024-02-02 00:00:00-05:00,178.9831513103476,186.41673495449575,178.3761245608121,184.94395446777344,102518000,0.0,0.0,186.84215545654297,186.46251525878907,34.17389113777807,183.24560466102707,183.24560466102707,8.040610393683664,8.040610393683664,184.67527730441861,2.9256619882030037,187.6009392926216,181.74961531621562,182.39642975765392,,
2024-02-05 00:00:00-05:00,187.23272451786957,188.32736786854025,184.9339886658605,186.7650146484375,69668800,0.0,0.0,185.85448455810547,185.65646057128907,46.34583844686611,186.6754570609461,186.6754570609461,3.393379202679739,3.393379202679739,186.6754570609461,3.393379202679739,190.06883626362583,183.28207785826635,186.63067826720038,,
2024-02-06 00:00:00-05:00,185.94902917871246,188.38708201253658,185.8594715869018,188.37713623046875,43490800,0.0,0.0,185.85448455810547,185.90723266601563,55.45963202035544,187.54122994330237,187.54122994330237,2.5276104256347764,2.5276104256347764,186.6754570609461,3.393379202679739,190.06883626362583,183.28207785826635,187.12327679971918,,
2024-02-07 00:00:00-05:00,189.71058674763896,190.11859155018027,187.69048466648928,188.48658752441406,53439000,0.0,0.0,185.85448455810547,186.904345703125,56.09257827158175,188.76522124702788,188.76522124702788,2.4281068836909867,2.4281068836909867,188.1532255951651,2.4778586546628816,190.631084249828,185.67536694050222,188.90453810833478,,
2024-02-08 00:00:00-05:00,188.46670752859183,188.61597019246477,186.4366593779137,187.4019317626953,40962000,0.0,0.0,185.85448455810547,187.1949249267578,47.69643252708094,187.48485377769126,187.48485377769126,2.1793108145510587,2.1793108145510587,188.1532255951651,2.4778586546628816,190.631084249828,185.67536694050222,187.52631478518924,,
2024-02-09 00:00:00-05:00,187.96985257532495,189.30503301755343,187.3222021069975,188.1691436767578,45155200,0.24,0.0,188.10869979858398,187.8399627685547,53.80951819765573,188.26545960043623,188.26545960043623,1.9828309105559185,1.9828309105559185,187.87515668906374,2.0810708625534886,189.95622755161725,185.79408582651024,188.31361756227545,,
2024-02-12 00:00:00-05:00,187.74067569026312,187.98977434952795,186.11654756664825,186.47525024414062,41781900,0.0,0.0,188.10869979858398,187.78200988769532,40.68589384393583,186.86052405343892,186.86052405343892,1.8732267828796978,1.8732267828796978,187.87515668906374,2.0810708625534886,189.95622755161725,185.79408582651024,187.05316095808809,,
2024-02-13 00:00:00-05:00,185.10024282819998,185.53865891732192,182.84838113476025,184.37286376953125,56529500,0.0,0.0,185.42405700683594,186.9811553955078,29.517126457049365,184.25330127387113,184.25330127387113,2.6902777825616795,2.6902777825616795,185.55691266365503,2.2817522827206886,187.83866494637573,183.27516038093432,184.19352002604109,,
2024-02-14 00:00:00-05:00,184.6518638454696,184.8610982078661,181.78224238811126,183.48606872558594,54630500,0.0,0.0,185.42405700683594,185.98105163574218,25.785053406136505,183.37646977385444,183.37646977385444,3.0788558197548355,3.0788558197548355,185.55691266365503,2.2817522827206886,187.83866494637573,183.27516038093432,183.32167029798867,,
2024-02-15 00:00:00-05:00,182.88824837462906,183.82486181575325,180.69618309757163,183.19712829589844,65434500,0.0,0.0,185.42405700683594,185.1400909423828,24.52226188771045,182.57272440307443,182.57272440307443,3.128678718181618,3.128678718181618,182.97459708846444,3.1037672689682267,186.07836435743266,179.8708298194962,182.26052245666244,,
2024-02-16 00:00:00-05:00,182.75870865343296,184.18356093832674,181.015017979917,181.6527099609375,49701400,0.0,0.0,185.42405700683594,183.83680419921876,18.476511155750924,182.28376295972706,182.28376295972706,3.168542958409745,3.168542958409745,182.97459708846444,3.1037672689682267,186.07836435743266,179.8708298194962,182.59928945912185,,
2024-02-20 00:00:00-05:00,181.13456200161647,181.7722539176,179.3510224128385,180.9053955078125,53665600,0.0,0.0,185.42405700683594,182.72283325195312,16.078824377858098,180.6762239460837,180.6762239460837,2.421231504761522,2.421231504761522,182.97459708846444,3.1037672689682267,186.07836435743266,179.8708298194962,180.56163816521925,,
2024-02-21 00:00:00-05:00,181.28405435734408,182.23062628266825,180.00867035619171,181.66268920898438,41529700,0.0,0.0,181.28404235839844,182.18079833984376,27.926169964912063,181.30066194928145,181.30066194928145,2.2219559264765394,2.2219559264765394,180.98844294768259,2.3215937156190307,183.31003666330162,178.66684923206356,181.11964831942998,,
2024-02-22 00:00:00-05:00,182.81848586019305,184.29316088677606,181.8021742653834,183.7052764892578,52292200,0.0,0.0,181.28404235839844,182.22463989257812,51.16836188116931,183.2668705471391,183.2668705471391,2.490986621392665,2.490986621392665,180.98844294768259,2.3215937156190307,183.31003666330162,178.66684923206356,183.04766757607973,,
2024-02-23 00:00:00-05:00,184.3429666556088,184.37285727847149,181.57299077597804,181.86195373535156,45119700,0.0,0.0,181.28404235839844,181.95760498046874,37.51971065389583,182.60260059660035,182.60260059660035,2.799866502493444,2.799866502493444,182.93473557186974,2.6454265619430544,185.5801621338128,180.28930900992668,182.97292402722476,,
2024-02-26 00:00:00-05:00,181.5829745492965,182.10108884357552,179.99869543060538,180.50686645507812,40867400,0.0,0.0,181.28404235839844,181.7284362792969,30.13360915689054,180.86888357641968,180.86888357641968,2.1023934129701445,2.1023934129701445,182.93473557186974,2.6454265619430544,185.5801621338128,180.28930900992668,181.04989213709047,,
2024-02-27 00:00:00-05:00,180.4470750372319,183.25690001064538,178.9126187804792,181.9715576171875,54318900,0.0,0.0,181.28404235839844,181.94166870117186,44.812288446667694,181.3803588027707,181.3803588027707,4.344281230166189,4.344281230166189,181.1246211895952,3.2233373215681667,184.34795851116337,177.901283868027,181.0847593955623,,
2024-02-28 00:00:00-05:00,181.85199678307725,182.45979817680953,179.48058766314844,180.76593017578125,48953900,0.0,0.0,181.28404235839844,181.76231689453124,36.847054652537885,180.90210533857976,180.90210533857976,2.979210513661087,2.979210513661087,181.1246211895952,3.2233373215681667,184.34795851116337,177.901283868027,180.97019291997898,,
2024-02-29 00:00:00-05:00,180.61647239906964,181.91178855608587,178.88274013933005,180.0983428955078,136682600,0.0,0.0,180.83567428588867,181.04093017578126,32.810430821735444,180.29762386364123,180.29762386364123,3.0290484167558134,3.0290484167558134,180.59986460111048,3.0041294652084503,183.60399406631893,177.59573513590203,180.39726434770796,,
2024-03-01 00:00:00-05:00,178.9026640457765,179.87912655443867,176.74048946042234,179.01226806640625,73488000,0.0,0.0,180.83567428588867,180.4709930419922,26.83264112983777,178.5439613604224,178.5439613604224,3.1386370940163317,3.1386370940163317,180.59986460111048,3.0041294652084503,183.60399406631893,177.59573513590203,178.3098080074305,,
2024-03-04 00:00:00-05:00,175.51490641269265,176.26220237846417,173.16341449891394,174.4687042236328,81510100,0.0,0.0,176.74048614501953,179.26336059570312,13.741002380169467,174.63144036700365,174.63144036700365,3.0987878795502297,3.0987878795502297,174.63144036700365,3.0987878795502297,177.73022824655388,171.53265248745342,174.71280843868905,,
2024-03-05 00:00:00-05:00,170.14434479927544,171.4197287337638,169.00845550750375,169.50665283203125,95132400,0.0,0.0,176.74048614501953,176.77037963867187,8.247665252000871,169.97827902443294,169.97827902443294,2.4112732262600503,2.4112732262600503,174.63144036700365,3.0987878795502297,177.73022824655388,171.53265248745342,170.21409212063378,,
2024-03-06 00:00:00-05:00,170.44326190896186,170.6226208472031,168.0718378391885,168.51025390625,68587700,0.0,0.0,176.74048614501953,174.31924438476562,7.495520169120673,169.06823753088054,169.06823753088054,2.550783008014605,2.550783008014605,169.52325827765674,2.4810281171373276,172.00428639479406,167.0422301605194,169.3472293431958,,
2024-03-07 00:00:00-05:00,168.5401544147667,170.1144598371159,167.8825454793763,168.3907012939453,71765100,0.0,0.0,176.74048614501953,171.97771606445312,7.39438355699006,168.79590220347916,168.79590220347916,2.231914357739612,2.231914357739612,169.52325827765674,2.4810281171373276,172.00428639479406,167.0422301605194,168.99850265824608,,
2024-03-08 00:00:00-05:00,168.39069767067738,173.0737495355564,168.33091642363513,170.1144561767578,76114600,0.0,0.0,169.1305160522461,170.19815368652343,25.509259635563897,170.50637404531645,170.50637404531645,4.742833111921271,4.742833111921271,169.6511381243978,3.4873737348304417,173.13851185922823,166.16376438956735,170.70233297959578,,
2024-03-11 00:00:00-04:00,172.31649942978052,173.75131021022753,171.42970876738985,172.12718200683594,60139500,0.0,0.0,169.1305160522461,169.72984924316407,42.053427173169595,172.4360669948178,172.4360669948178,2.3216014428376752,2.3216014428376752,169.6511381243978,3.4873737348304417,173.13851185922823,166.16376438956735,172.5905094888087,,
2024-03-12 00:00:00-04:00,172.52572483722957,173.40255698056936,170.39344092810595,172.60543823242188,59825400,0.0,0.0,172.3663101196289,170.3496063232422,45.63944570860124,172.1338120470324,172.1338120470324,3.009116052463412,3.009116052463412,172.2849395209251,2.6653587476505436,174.95029826857564,169.61958077327455,171.89799895433765,,
2024-03-13 00:00:00-04:00,172.14711771653415,172.56560166885345,170.14435462584885,170.51303100585938,52488700,0.0,0.0,172.3663101196289,170.75016174316406,34.0990113635025,171.07432910018724,171.07432910018724,2.4212470430045983,2.4212470430045983,172.2849395209251,2.6653587476505436,174.95029826857564,169.61958077327455,171.35497814735115,,
2024-03-14 00:00:00-04:00,172.28659461404473,173.68154097803347,171.42969464651588,172.3762664794922,72913500,0.0,0.0,172.3663101196289,171.54727478027343,48.57342398773234,172.49583403468054,172.49583403468054,2.2518463315175836,2.2518463315175836,171.7850815674339,2.336546687261091,174.121628254695,169.44853488017282,172.55561781227468,,
2024-03-15 00:00:00-04:00,170.55286572568298,171.9976348876953,169.67603359258842,171.9976348876953,121664700,0.0,0.0,172.3663101196289,171.92391052246094,46.00664374727522,171.22376778932633,171.22376778932633,2.3216012951068876,2.3216012951068876,171.7850815674339,2.336546687261091,174.121628254695,169.44853488017282,170.83683424014185,,
2024-03-18 00:00:00-04:00,174.93702524630143,177.06930930187292,172.89441306506424,173.09368896484375,75604200,0.0,0.0,172.3663101196289,172.1172119140625,54.673595631618596,174.352470443927,174.352470443927,4.174896236808678,4.174896236808678,174.352470443927,4.174896236808678,178.52736668073567,170.1775742071183,174.9818611834686,,
2024-03-19 00:00:00-04:00,173.71144297319321,175.9732631292534,172.40616838919217,175.44517517089844,55215200,0.0,0.0,172.3663101196289,172.6851593017578,68.31370799635327,174.60820222978134,174.60820222978134,3.5670947400612363,3.5670947400612363,174.352470443927,4.174896236808678,178.52736668073567,170.1775742071183,174.1897157592228,,
2024-03-20 00:00:00-04:00,175.08647190626633,178.0258331298828,174.45873840154812,178.0258331298828,53423100,0.0,0.0,175.52156575520834,174.1877197265625,77.57236782852253,176.83680155377124,176.83680155377124,3.5670947283346948,3.5670947283346948,175.7225018917763,3.5670947341979655,179.28959662597424,172.15540715757834,176.24228576571545,,
2024-03-21 00:00:00-04:00,176.41168117904223,176.8500972709565,170.22406352502733,170.7521514892578,106181300,0.0,0.0,175.52156575520834,173.86289672851564,38.22310831957822,172.60877076174722,172.60877076174722,6.626033745929163,6.626033745929163,175.7225018917763,3.5670947341979655,179.28959662597424,172.15540715757834,173.53708039799193,,
2024-03-22 00:00:00-04:00,171.14074502028382,172.42610267352754,169.44687710249696,171.65887451171875,71106600,0.0,0.0,175.52156575520834,173.7951446533203,42.74840902350854,171.17728476258108,171.17728476258108,2.9792255710305824,2.9792255710305824,171.89302776216414,4.802629658479873,176.695657420644,167.09039810368427,170.93648988801226,,
2024-03-25 00:00:00-04:00,169.9550500090239,171.32010587263267,168.83907761478048,170.23403930664062,54288300,0.0,0.0,175.52156575520834,173.22321472167968,37.37118352408194,170.1310742646846,170.1310742646846,2.481028257852188,2.481028257852188,171.89302776216414,4.802629658479873,176.695657420644,167.09039810368427,170.07959174370657,,
2024-03-26 00:00:00-04:00,169.38709229314748,170.80197088667242,168.96860836017046,169.09814453125,57388400,0.0,0.0,175.52156575520834,171.95380859375,33.20852013199068,169.62290792603096,169.62290792603096,1.8333625265019577,1.8333625265019577,169.87699109535777,2.157195392177073,172.03418648753484,167.7197957031807,169.88528962342144,,
2024-03-27 00:00:00-04:00,169.79562681694486,172.97412838637234,169.4967053620682,172.68516540527344,60273300,0.0,0.0,175.52156575520834,170.88567504882812,53.60683392843596,171.71866638457132,171.71866638457132,3.47742302430413,3.47742302430413,169.87699109535777,2.157195392177073,172.03418648753484,167.7197957031807,171.23541687422028,,
2024-03-28 00:00:00-04:00,171.13077090878156,171.60903605513778,169.89523614327186,170.8617401123047,65672700,0.0,0.0,170.7197723388672,170.9075927734375,44.89456867402397,170.7886707702381,170.7886707702381,1.7137999118659195,1.7137999118659195,171.2536685774047,2.595611468085025,173.84928004548973,168.65805710931969,170.75213609920482,,
2024-04-01 00:00:00-04:00,170.5728137058907,170.6325949561908,168.86897205345468,169.4169921875,46240500,0.0,0.0,169.4169921875,170.45921630859374,38.67012396681675,169.6395197323818,169.6395197323818,1.7636229027361026,1.7636229027361026,169.6395197323818,1.7636229027361026,171.40314263511792,167.8758968296457,169.75078350482272,,
2024-04-02 00:00:00-04:00,168.47041766713258,168.72947481572177,167.62347609078947,168.2312774658203,49329500,0.0,0.0,169.4169921875,170.05866394042968,33.85480293969639,168.19474279077718,168.19474279077718,1.1059987249323058,1.1059987249323058,169.6395197323818,1.7636229027361026,171.40314263511792,167.8758968296457,168.17647545325562,,
2024-04-03 00:00:00-04:00,168.1814453345995,170.0646306043195,167.97221097339488,169.03834533691406,47691700,0.0,0.0,169.4169921875,170.0467041015625,40.19136155935205,169.02506230487614,169.02506230487614,2.09241963092461,2.09241963092461,168.60990254782666,1.5992091779284578,170.20911172575512,167.0106933698982,169.01842078885718,,
2024-04-04 00:00:00-04:00,169.67605100414067,171.30017927084614,168.21136474609375,168.21136474609375,53704400,0.0,0.0,169.4169921875,169.15194396972657,35.798790758212114,169.24096958767788,169.24096958767788,3.0888145247523937,3.0888145247523937,168.60990254782666,1.5992091779284578,170.20911172575512,167.0106933698982,169.75577200846993,,
2024-04-05 00:00:00-04:00,168.97855588471026,169.77567460225572,168.3408639514289,168.96859741210938,42055200,0.0,0.0,168.61239624023438,168.7733154296875,42.93693300661441,169.02837865526467,169.02837865526467,1.4348106508268188,1.4348106508268188,169.13467412147128,2.2618125877896063,171.3964867092609,166.87286153368166,169.0582692768423,,
2024-04-08 00:00:00-04:00,168.42059262733576,168.58997789957206,167.6334475147346,167.84268188476562,37425500,0.0,0.0,168.61239624023438,168.4584533691406,35.58368249969295,168.02203576635745,168.02203576635745,0.956530384837464,0.956530384837464,169.13467412147128,2.2618125877896063,171.3964867092609,166.87286153368166,168.11171270715334,,
2024-04-09 00:00:00-04:00,168.09176931793073,169.46679875844995,167.74304032326918,169.0582733154297,42451200,0.0,0.0,168.45047760009766,168.6238525390625,47.67671406816935,168.75603746571628,168.75603746571628,1.7237584351807698,1.7237584351807698,168.38903661603686,1.3401444100091169,169.72918102604598,167.04889220602774,168.60491954085956,,
2024-04-10 00:00:00-04:00,168.19142141332685,168.48036917466098,166.50751200767976,167.1750946044922,49709300,0.0,0.0,168.45047760009766,168.25120239257814,34.965372880272824,167.387658595611,167.387658595611,1.972857166981214,1.972857166981214,168.38903661603686,1.3401444100091169,169.72918102604598,167.04889220602774,167.49394059117037,,
2024-04-11 00:00:00-04:00,167.73307888899373,174.8274194382653,167.55373514215378,174.40892028808594,91070300,0.0,0.0,168.45047760009766,169.49071350097657,71.47831230417209,172.26335828950167,172.26335828950167,7.273684296111526,7.273684296111526,169.82550844255633,4.62327073154637,174.4487791741027,165.20223771100996,171.19057729020955,,
2024-04-12 00:00:00-04:00,173.63173034934167,177.71695459263955,173.58192277868224,175.91348266601562,101593300,0.0,0.0,168.45047760009766,170.87969055175782,75.11124598069351,175.73745334577916,175.73745334577916,4.135031813957312,4.135031813957312,169.82550844255633,4.62327073154637,174.4487791741027,165.20223771100996,175.6494386856609,,
2024-04-15 00:00:00-04:00,174.72777001691693,175.993195505436,171.87808065130085,172.06739807128906,73531800,0.0,0.0,168.45047760009766,171.7246337890625,53.38373946250624,173.31289140934197,173.31289140934197,4.115114854135157,4.115114854135157,173.31289140934197,4.115114854135157,177.42800626347713,169.19777655520681,173.9356380783684,,
2024-04-16 00:00:00-04:00,171.1307833718662,173.13353117115574,167.6633342016507,168.7693328857422,73711200,0.0,0.0,168.45047760009766,171.666845703125,40.74886669298952,169.8553994195162,169.8553994195162,5.470196969505025,5.470196969505025,173.31289140934197,4.115114854135157,177.42800626347713,169.19777655520681,170.39843268640323,,
2024-04-17 00:00:00-04:00,168.99849837401,170.0347421275801,167.39430236816406,167.39430236816406,50901200,0.0,0.0,169.41034444173178,171.71068725585937,36.274547166796545,168.27444895463609,168.27444895463609,2.64043975941604,2.64043975941604,169.06492418707614,4.055318364460533,173.12024255153668,165.0096058226156,168.71452224787208,,
2024-04-18 00:00:00-04:00,167.4241802492927,168.0319815519269,165.94952052629202,166.437744140625,43122900,0.0,0.0,169.41034444173178,170.1164520263672,33.11287100094988,166.8064154062813,166.8064154062813,2.0824610256348706,2.0824610256348706,169.06492418707614,4.055318364460533,173.12024255153668,165.0096058226156,166.99075103910945,,
2024-04-19 00:00:00-04:00,165.610765092168,165.80006730864108,163.48843957599198,164.40512084960938,67772100,0.0,0.0,169.41034444173178,167.81477966308594,26.888011307772263,164.56454257808082,164.56454257808082,2.3116277326491,2.3116277326491,165.68547899218106,2.1970443791419854,167.88252337132303,163.4884346130391,164.64425344231654,,
2024-04-22 00:00:00-04:00,164.92325754431266,166.65697461863107,164.17596150778874,165.24209594726562,48116400,0.0,0.0,169.41034444173178,166.44971923828126,33.33824060562677,165.3583440245618,165.3583440245618,2.4810131108423263,2.4810131108423263,165.68547899218106,2.1970443791419854,167.88252337132303,163.4884346130391,165.4164680632099,,
2024-04-23 00:00:00-04:00,164.75386398167788,166.44773187185876,164.32540636965405,166.2982635498047,49537800,0.0,0.0,169.41034444173178,165.95550537109375,41.481694076416545,165.6904672637725,165.6904672637725,2.122325502204717,2.122325502204717,165.52440564416713,2.3016693065235216,167.82607495069067,163.2227363376436,165.3865691207564,,
2024-04-24 00:00:00-04:00,165.93957460997115,168.68963384433354,165.61077772251915,168.41064453125,48251800,0.0,0.0,169.41034444173178,166.15877380371094,55.172422067772644,167.5703520327009,167.5703520327009,3.078856121814397,3.078856121814397,165.52440564416713,2.3016693065235216,167.82607495069067,163.2227363376436,167.15020578342634,,
2024-04-25 00:00:00-04:00,168.91879363485126,169.9949017439694,167.54376407257087,169.27749633789062,50558300,0.0,0.0,167.30712509155273,166.72672424316406,59.975734048887105,168.93872071814363,168.93872071814363,2.451137671398527,2.451137671398527,168.25453637542228,2.764996896606462,171.01953327202875,165.4895394788158,168.76933290827014,,
2024-04-26 00:00:00-04:00,169.26751639469646,170.72224396978115,168.57002802452664,168.68960571289062,44838400,0.0,0.0,167.30712509155273,167.5836212158203,54.98144831082834,169.32729256906615,169.32729256906615,2.152215945254511,2.152215945254511,168.25453637542228,2.764996896606462,171.01953327202875,165.4895394788158,169.6461359971539,,
2024-04-29 00:00:00-04:00,172.74492977704497,175.39534310552878,172.47591417733986,172.8744659423828,68169400,0.0,0.0,170.78203582763672,169.11009521484374,74.14147218179806,173.58190774175048,173.58190774175048,2.919428928188921,2.919428928188921,173.58190774175048,2.919428928188921,176.5013366699394,170.66247881356156,173.93562864143433,,
2024-04-30 00:00:00-04:00,172.70508045160457,174.35909916149876,169.38708455902474,169.7158966064453,65934800,0.0,0.0,170.78203582763672,169.7936218261719,52.90017253079821,171.15402677565626,171.15402677565626,4.972014602474019,4.972014602474019,173.58190774175048,2.919428928188921,176.5013366699394,170.66247881356156,171.87309186026175,,
2024-05-01 00:00:00-04:00,168.96859497944865,172.0873148851987,168.5002883097745,168.68960571289062,50383100,0.0,0.0,170.78203582763672,169.8494140625,47.386231404490026,169.7590696359546,169.7590696359546,3.587026575424204,3.587026575424204,170.45654820580543,4.2795205889491115,174.73606879475454,166.17702761685632,170.2938015974866,,
2024-05-02 00:00:00-04:00,171.8880442050533,172.7947670308616,170.27388965643632,172.4061737060547,94214900,0.0,0.0,170.78203582763672,170.47514953613282,64.25285144348338,171.82494346445085,171.82494346445085,2.5208773744252824,2.5208773744252824,170.45654820580543,4.2795205889491115,174.73606879475454,166.17702761685632,171.53432834364895,,
2024-05-03 00:00:00-04:00,185.97705638865938,186.32580059963428,182.00145144318,182.71885681152344,163224100,0.0,0.0,173.38263320922852,173.28099975585937,83.07351713171423,183.68203628477923,183.68203628477923,4.324349156454275,4.324349156454275,177.75348987461504,3.4226132654397787,181.1761031400548,174.33087660917528,184.16362602140714,,
2024-05-06 00:00:00-04:00,181.6925778578994,183.5358989126904,179.76952819965473,181.0548858642578,78569700,0.0,0.0,173.38263320922852,174.91708374023438,75.09887693865879,181.45343765886764,181.45343765886764,3.766370713035684,3.766370713035684,177.75348987461504,3.4226132654397787,181.1761031400548,174.33087660917528,181.65271355617256,,
2024-05-07 00:00:00-04:00,182.78860333233249,184.23337259597065,180.66629297548113,181.7423858642578,77305800,0.0,0.0,181.3986358642578,177.32238159179687,76.2751004546445,182.21401714523654,182.21401714523654,3.5670796204895225,3.5670796204895225,181.8337274020521,3.6667251667626033,185.5004525688147,178.1670022352895,182.4498327857259,,
2024-05-08 00:00:00-04:00,182.19076551728074,182.40997355379537,180.79580390275353,182.08116149902344,45057100,0.0,0.0,181.3986358642578,180.00069274902344,76.94586370101486,181.7623129851908,181.7623129851908,1.6141696510418342,1.6141696510418342,181.8337274020521,3.6667251667626033,185.5004525688147,178.1670022352895,181.60288872827445,,
2024-05-09 00:00:00-04:00,181.90182360877466,183.99425867082294,181.45344901084354,183.9045867919922,48983000,0.0,0.0,181.3986358642578,182.30037536621094,80.63031808891026,183.11743149121958,183.11743149121958,2.540809659979402,2.540809659979402,182.43987223820517,2.077489655510618,184.5173618937158,180.36238258269455,182.72385384083324,,
2024-05-10 00:00:00-04:00,184.48325715706596,184.67283136158454,181.7195112814573,182.63743591308594,50759500,0.25,0.0,181.3986358642578,182.28409118652343,70.8011848701169,183.00992618537592,183.00992618537592,2.9533200801272415,2.9533200801272415,182.43987223820517,2.077489655510618,184.5173618937158,180.36238258269455,183.19617132152092,,
2024-05-13 00:00:00-04:00,185.0220348889267,186.67829703001243,184.2038757983674,185.86013793945312,72044800,0.0,0.0,181.3986358642578,183.2451416015625,78.95644466431207,185.58077025594432,185.58077025594432,2.4744212316450387,2.4744212316450387,185.58077025594432,2.4744212316450387,188.05519148758935,183.10634902429928,185.4410864141899,,
2024-05-14 00:00:00-04:00,187.0873746193062,187.87560260141976,185.87012310151908,187.00755310058594,52393600,0.0,0.0,181.3986358642578,184.2981750488281,81.28302797403907,186.91775960117494,186.91775960117494,2.005479499900673,2.005479499900673,185.58077025594432,2.4744212316450387,188.05519148758935,183.10634902429928,186.87286285146942,,
2024-05-15 00:00:00-04:00,187.48648604697289,190.2203008031565,186.9476945906926,189.2924041748047,70400000,0.0,0.0,187.3866984049479,185.74042358398438,85.32231257482059,188.82013318955126,188.82013318955126,3.2726062124638986,3.2726062124638986,187.86894639536308,2.639042856182286,190.50798925154538,185.22990353918078,188.58399769692454,,
2024-05-16 00:00:00-04:00,190.04070957734746,190.66929452090585,189.23253763528552,189.41212463378906,52845200,0.0,0.0,187.3866984049479,186.84193115234376,85.52688698326271,189.7713189299935,189.7713189299935,1.4367568856203263,1.4367568856203263,187.86894639536308,2.639042856182286,190.50798925154538,185.22990353918078,189.9509160780957,,
2024-05-17 00:00:00-04:00,189.08285791419516,190.3799308889647,188.7535998742954,189.44204711914062,41282900,0.0,0.0,187.3866984049479,188.20285339355468,85.58963614361218,189.5251926274669,189.5251926274669,1.6263310146693186,1.6263310146693186,189.6482557787302,1.5315439501448225,191.17979972887503,188.11671182858538,189.56676538163003,,
2024-05-20 00:00:00-04:00,188.90328335886426,191.48744227389747,188.58399727816297,190.6094207763672,44361300,0.0,0.0,187.3866984049479,189.1527099609375,88.10467412680457,190.2269534428092,190.2269534428092,2.903444995734503,2.903444995734503,189.6482557787302,1.5315439501448225,191.17979972887503,188.11671182858538,190.03571977603022,,
2024-05-21 00:00:00-04:00,190.65930352654095,192.295606563888,190.48968851208156,191.91647338867188,42309400,0.0,0.0,187.3866984049479,190.13449401855468,90.4398841683103,191.56725615488048,191.56725615488048,1.8059180518064295,1.8059180518064295,190.89710479884485,2.3546815237704664,193.25178632261532,188.54242327507438,191.39264753798477,,
2024-05-22 00:00:00-04:00,191.83664908760778,192.38541249371693,189.84115686495446,190.4697265625,34648500,0.0,0.0,187.3866984049479,190.36995849609374,71.12187790541022,190.89876530705715,190.89876530705715,2.544255628762471,2.544255628762471,190.89710479884485,2.3546815237704664,193.25178632261532,188.54242327507438,191.1132846793357,,
2024-05-23 00:00:00-04:00,190.54955125962866,190.5695104450197,186.20936473753514,186.45880126953125,51005900,0.0,0.0,189.86360549926758,189.7792938232422,40.86933346324631,187.74589215069537,187.74589215069537,4.360145707484548,4.360145707484548,189.32232872887624,3.45220066812351,192.77452939699975,185.87012806075273,188.3894375912774,,
2024-05-24 00:00:00-04:00,188.3944296603675,190.15045735054443,187.61617368042806,189.5518035888672,36294600,0.0,0.0,189.86360549926758,189.8012451171875,58.06393328158923,189.10614487327987,189.10614487327987,2.5342836701163662,2.5342836701163662,189.32232872887624,3.45220066812351,192.77452939699975,185.87012806075273,188.88331551548623,,
2024-05-28 00:00:00-04:00,191.07834591388357,192.56499305086223,188.6737894364844,189.56178283691406,52280100,0.0,0.0,189.86360549926758,189.5917175292969,58.11305635779992,190.2668551080869,190.2668551080869,3.8912036143778153,3.8912036143778153,189.32232872887624,3.45220066812351,192.77452939699975,185.87012806075273,190.6193912436733,,
2024-05-29 00:00:00-04:00,189.18265440509,191.81670371975596,189.0828736970108,189.86111450195312,53068000,0.0,0.0,189.86360549926758,189.18064575195314,59.8753332876411,190.25356397290662,190.25356397290662,2.733830022745167,2.733830022745167,190.26020954049676,3.312516818561491,193.57272635905827,186.94769272193525,190.44978870838338,,
2024-05-30 00:00:00-04:00,190.33005195445256,191.74684967437963,190.2003553062749,190.85885620117188,49947900,0.0,0.0,189.86360549926758,189.2584716796875,65.85993557984638,190.93535372727547,190.93535372727547,1.5464943681047316,1.5464943681047316,190.26020954049676,3.312516818561491,193.57272635905827,186.94769272193525,190.97360249032727,,
2024-05-31 00:00:00-04:00,191.00850903182757,192.13596695656702,189.48195877103,191.81668090820312,75158300,0.0,0.0,190.52460861206055,190.33004760742188,71.04268358688489,191.14486887860005,191.14486887860005,2.654008185537009,2.654008185537009,191.04011130293776,2.1002512768208703,193.14036257975863,188.9398600261169,190.8089628637985,,
2024-06-03 00:00:00-04:00,192.46522387732944,194.55052487571635,192.08609069758458,193.59268188476562,50080500,0.0,0.0,190.52460861206055,191.13822326660156,78.57955908080683,193.4097658193555,193.4097658193555,2.464434178131768,2.464434178131768,191.04011130293776,2.1002512768208703,193.14036257975863,188.9398600261169,193.31830778665045,,
2024-06-04 00:00:00-04:00,194.20129645164835,194.87977170290745,192.59492465346364,193.91195678710938,47471400,0.0,0.0,193.7523193359375,192.0082580566406,79.76316521919361,193.79555104782682,193.79555104782682,2.284847049443812,2.284847049443812,193.60265843359116,2.37464061378779,195.97729904737895,191.22801781980337,193.73734817818553,,
2024-06-05 00:00:00-04:00,194.95958593724887,196.45620511862302,194.43078171111515,195.42852783203125,54156800,0.0,0.0,193.7523193359375,193.12174072265626,84.76239853158943,195.43850488725647,195.43850488725647,2.0254234075078728,2.0254234075078728,193.60265843359116,2.37464061378779,195.97729904737895,191.22801781980337,195.44349341486907,,
2024-06-06 00:00:00-04:00,195.24895132280378,196.05712328824086,193.73237287474004,194.0416717529297,41181800,0.0,0.0,193.7523193359375,193.7583038330078,66.0975379588709,194.61038930530353,194.61038930530353,2.324750413500823,2.324750413500823,195.02444709628,2.1750869105043478,197.19953400678435,192.84936018577565,194.89474808149043,,
2024-06-07 00:00:00-04:00,194.2112712938544,196.4961183769711,193.7024262662087,196.44622802734375,53103900,0.0,0.0,193.7523193359375,194.68421325683593,77.05010259618994,195.5482575568412,195.5482575568412,2.7936921107624073,2.7936921107624073,195.02444709628,2.1750869105043478,197.19953400678435,192.84936018577565,195.09927232158992,,
2024-06-10 00:00:00-04:00,196.45620195884163,196.85530953542744,191.7169079607164,192.68472290039062,97262100,0.0,0.0,193.7523193359375,194.50262145996095,47.22031369178213,193.7523134655115,193.7523134655115,5.138401574711025,5.138401574711025,193.7523134655115,5.138401574711025,198.89071504022252,188.61391189080047,194.2861087480719,,
2024-06-11 00:00:00-04:00,193.21353266624035,206.6930926736998,193.1935887051364,206.68310546875,172373300,0.0,0.0,193.7523193359375,197.05685119628907,81.15654766424943,202.1899289491954,202.1899289491954,13.499503968563403,13.499503968563403,193.7523134655115,5.138401574711025,198.89071504022252,188.61391189080047,199.9433406894181,Yes,Yes
2024-06-12 00:00:00-04:00,206.902617394007,219.7037025197263,206.43367547843766,212.58978271484375,198134300,0.0,0.0,203.98587036132812,200.48910217285157,85.92863566648104,212.90905357100257,212.90905357100257,13.270027041288643,13.270027041288643,207.549491260099,13.384765504926023,220.934256765025,194.16472575517298,213.06868899908199,Yes,
2024-06-13 00:00:00-04:00,214.25601418934664,216.2614784743462,211.12309188063193,213.75714111328125,97862700,0.0,0.0,203.98587036132812,204.43219604492188,86.75715069762582,213.7139038227531,213.7139038227531,5.138386593714273,5.138386593714273,207.549491260099,13.384765504926023,220.934256765025,194.16472575517298,213.69228517748905,,
2024-06-14 00:00:00-04:00,213.36801320894725,214.68503016669274,210.8237575657328,212.01107788085938,70122700,0.0,0.0,203.98587036132812,207.545166015625,78.15357826695795,212.50662187109495,212.50662187109495,3.86127260095995,3.86127260095995,213.11026284692403,4.499829597337111,217.61009244426114,208.61043324958692,212.75439386621275,,
2024-06-17 00:00:00-04:00,212.88909055319678,218.45651588142053,212.2405616472853,216.18165588378906,93728300,0.0,0.0,203.98587036132812,212.2445526123047,83.14432899526156,215.6262444708316,215.6262444708316,6.215954234135239,6.215954234135239,213.11026284692403,4.499829597337111,217.61009244426114,208.61043324958692,215.3485387643529,,
2024-06-18 00:00:00-04:00,217.09957203800778,218.13723651623954,212.5199210550432,213.8070068359375,79943300,0.0,0.0,203.98587036132812,213.6693328857422,71.51635306984458,214.82138813574008,214.82138813574008,5.617315461196341,5.617315461196341,215.22381630328584,5.91663484766579,221.14045115095163,209.30718145562005,215.32857878564135,,
2024-06-20 00:00:00-04:00,213.44781843702847,213.75713252024897,208.3792815854295,209.2073974609375,86172500,0.0,0.0,213.0653533935547,212.99285583496095,53.42573121489769,210.44793718887198,210.44793718887198,5.377850934819463,5.377850934819463,210.44793718887198,5.377850934819463,215.82578812369144,205.0700862540525,211.06820705283923,,
2024-06-21 00:00:00-04:00,209.91581187096148,211.41243109582913,206.64320571720273,207.02235412597656,246421400,0.0,0.0,213.0653533935547,211.6458984375,46.44869789709278,208.35933031300283,208.35933031300283,4.769225378626402,4.769225378626402,210.44793718887198,5.377850934819463,215.82578812369144,205.0700862540525,209.02781840651593,,
2024-06-24 00:00:00-04:00,207.25183162238307,212.22060318958276,206.1243736003879,207.67088317871094,80727000,0.0,0.0,207.34661865234375,210.77785949707032,48.92339331206007,208.67195332289387,208.67195332289387,6.096229589194849,6.096229589194849,208.67195332289387,6.096229589194849,214.76818291208872,202.57572373369902,209.17248839498535,,
2024-06-25 00:00:00-04:00,208.67859169129048,210.90357646615678,208.13981549353107,208.59878540039062,56713900,0.0,0.0,207.34661865234375,209.26128540039062,52.82253577832899,209.21405912002615,209.21405912002615,2.763760972625704,2.763760972625704,208.67195332289387,6.096229589194849,214.76818291208872,202.57572373369902,209.5216959798439,,
2024-06-26 00:00:00-04:00,211.0233076661301,214.37573529051122,210.16524538059215,212.7693634033203,66213200,0.0,0.0,207.34661865234375,209.0537567138672,66.98325630893504,212.43678135814125,212.43678135814125,4.210489909919062,4.210489909919062,210.8254202390837,3.487125441272383,214.3125456803561,207.33829479781133,212.2704903355517,,
2024-06-27 00:00:00-04:00,214.2061287476001,215.25376527623442,211.8714063519454,213.61746215820312,49772700,0.0,0.0,207.34661865234375,209.9357696533203,69.32377875065899,213.5808779287943,213.5808779287943,3.382358924289008,3.382358924289008,210.8254202390837,3.487125441272383,214.3125456803561,207.33829479781133,213.5625858140899,,
2024-06-28 00:00:00-04:00,215.28368048569334,215.58300736088682,209.8260080950157,210.14527893066406,82542700,0.0,0.0,211.28272247314453,210.56035461425782,50.86933828825991,211.85143146218888,211.85143146218888,5.756999265871116,5.756999265871116,212.71615469549158,4.569679095080062,217.28583379057164,208.14647560041152,212.70450772795127,,
