Date,Open,High,Low,Close,Volume,Dividends,Stock Splits,Average_close,Moving_Average,RSI alpha=0.08,Median,Signal_by_High_Low_3.0%,Signal_by_Close_3.0%
2024-01-02 00:00:00-05:00,186.23761848029775,187.52133810124718,182.9935167810597,184.7349853515625,82488700,0.0,0.0,,,,185.25742744115342,,
2024-01-03 00:00:00-05:00,183.32190833232914,184.97381929292,182.53575116647167,183.3517608642578,58414500,0.0,0.0,184.04337310791016,,0.0,183.75478522969584,,
2024-01-04 00:00:00-05:00,181.26198308479132,182.19740286158623,179.99818547387906,181.02316284179688,71983600,0.0,0.0,184.04337310791016,,0.0,181.09779416773264,,
2024-01-05 00:00:00-05:00,181.10278633743064,181.86902157901608,179.29165172771755,180.29672241210938,62303300,0.0,0.0,180.65994262695312,,0.0,180.58033665336683,,
2024-01-08 00:00:00-05:00,181.20228054123743,184.6951784875532,180.6151605231867,184.65536499023438,59144500,0.0,0.0,180.65994262695312,182.8123992919922,21.301523656178727,182.65516950536994,,
2024-01-09 00:00:00-05:00,183.02335798455337,184.24735728099782,181.83915700040632,184.23741149902344,42841800,0.0,0.0,184.4463882446289,182.71288452148437,20.838851544496894,183.04325714070205,,
2024-01-10 00:00:00-05:00,183.45127673118873,185.49127057687537,183.02336513916433,185.2823028564453,46792900,0.0,0.0,184.4463882446289,183.09899291992187,25.250743644466965,184.25731785801986,,
2024-01-11 00:00:00-05:00,185.63057672110963,186.13810009590225,182.7248140769861,184.68521118164062,49128400,0.0,0.0,184.98375701904297,183.83140258789064,24.40587492869225,184.43145708644417,,
2024-01-12 00:00:00-05:00,185.1529124416028,185.82960518169298,184.2871587499394,185.0135955810547,40444700,0.0,0.0,184.98375701904297,184.7747772216797,25.888242287975142,185.05838196581618,,
2024-01-16 00:00:00-05:00,181.27193705900044,183.361690026594,180.04792262326768,182.73477172851562,65603000,0.0,0.0,184.98375701904297,184.39065856933593,22.552430331808825,181.70480632493084,,
2024-01-17 00:00:00-05:00,180.38628371133655,182.03817940296344,179.42101140332082,181.78939819335938,47317400,0.0,0.0,182.2620849609375,183.90105590820312,21.314007453975258,180.72959540314213,,
2024-01-18 00:00:00-05:00,185.182762792007,188.21789634439324,184.92403582100312,187.71038818359375,78005800,0.0,0.0,182.2620849609375,184.3866729736328,42.7252502330059,186.5709660826982,,
2024-01-19 00:00:00-05:00,188.4069897270921,191.01421197583775,187.89948151982946,190.62611389160156,68741000,0.0,0.0,189.16825103759766,185.574853515625,50.00674255106321,189.4568467478336,,
2024-01-22 00:00:00-05:00,191.36250312836654,194.37773007418247,191.3226896328841,192.9447479248047,60133900,0.0,0.0,189.16825103759766,187.161083984375,54.95653203009194,192.85020985353327,,
2024-01-23 00:00:00-05:00,194.06924615918857,194.79568302432682,192.8850451968675,194.22845458984375,42355600,0.0,0.0,193.58660125732422,189.45982055664064,57.48943158366505,193.84036411059716,,
2024-01-24 00:00:00-05:00,194.4672860626603,195.42261254918643,193.39254945946814,193.55177307128906,53631300,0.0,0.0,193.58660125732422,191.81229553222656,55.694975411231574,194.40758100432728,,
2024-01-25 00:00:00-05:00,194.26827279243787,195.31315691300077,192.1685587692801,193.223388671875,54822100,0.0,0.0,193.38758087158203,192.9148956298828,54.79282508962815,193.74085784114044,,
2024-01-26 00:00:00-05:00,193.32290534776368,193.8105067973861,191.00426266727368,191.48191833496094,44594000,0.0,0.0,193.38758087158203,193.0860565185547,50.11369564353508,192.4073847323299,,
2024-01-29 00:00:00-05:00,191.07390655519137,191.26298269587747,188.65576059016195,190.79527282714844,47145600,0.0,0.0,190.79527282714844,192.65616149902343,48.34433787244487,189.95937164301972,,
2024-01-30 00:00:00-05:00,190.00914701951908,190.86495502370778,186.55606247111587,187.12327575683594,55859400,0.0,0.0,190.79527282714844,191.23512573242186,40.11212153639867,188.71050874741184,,
2024-01-31 00:00:00-05:00,186.12815142243116,186.18787167030365,183.45127824224116,183.5010223388672,55467800,0.0,0.0,185.31214904785156,189.2249755859375,33.91908111830207,184.8195749562724,,
2024-02-01 00:00:00-05:00,183.09303209854838,186.03859323945602,182.9238626911125,185.94903564453125,64885400,0.0,0.0,185.31214904785156,187.77010498046874,40.65030296182441,184.48122796528426,,
2024-02-02 00:00:00-05:00,178.9831513103476,186.41673495449575,178.3761245608121,184.94395446777344,102518000,0.0,0.0,185.44649505615234,186.46251220703124,38.88274257896672,182.39642975765392,,
2024-02-05 00:00:00-05:00,187.23272451786957,188.32736786854025,184.9339886658605,186.7650146484375,69668800,0.0,0.0,185.44649505615234,185.65646057128907,43.70362188248292,186.63067826720038,,
2024-02-06 00:00:00-05:00,185.94902917871246,188.38708201253658,185.8594715869018,188.37713623046875,43490800,0.0,0.0,187.57107543945312,185.90723266601563,47.67513655392038,187.12327679971918,,
2024-02-07 00:00:00-05:00,189.71060210551596,190.118606941087,187.69049986083044,188.48660278320312,53439000,0.0,0.0,187.57107543945312,186.90434875488282,47.946170832525304,188.90455340095872,,
2024-02-08 00:00:00-05:00,188.46670752859183,188.61597019246477,186.4366593779137,187.4019317626953,40962000,0.0,0.0,187.94426727294922,187.19492797851564,45.41266518875791,187.52631478518924,,
2024-02-09 00:00:00-05:00,187.96985257532495,189.30503301755343,187.3222021069975,188.1691436767578,45155200,0.24,0.0,187.94426727294922,187.8399658203125,47.543721369187395,188.31361756227545,,
2024-02-12 00:00:00-05:00,187.74067569026312,187.98977434952795,186.11654756664825,186.47525024414062,41781900,0.0,0.0,186.47525024414062,187.78201293945312,43.47099264080918,187.05316095808809,,
2024-02-13 00:00:00-05:00,185.10024282819998,185.53865891732192,182.84838113476025,184.37286376953125,56529500,0.0,0.0,186.47525024414062,186.9811584472656,38.96764834287826,184.19352002604109,,
2024-02-14 00:00:00-05:00,184.6518638454696,184.8610982078661,181.78224238811126,183.48606872558594,54630500,0.0,0.0,183.9294662475586,185.98105163574218,37.20075542660031,183.32167029798867,,
2024-02-15 00:00:00-05:00,182.88824837462906,183.82486181575325,180.69618309757163,183.19712829589844,65434500,0.0,0.0,183.9294662475586,185.1400909423828,36.612810923015196,182.26052245666244,,
2024-02-16 00:00:00-05:00,182.75870865343296,184.18356093832674,181.015017979917,181.6527099609375,49701400,0.0,0.0,182.42491912841797,183.83680419921876,33.53363815930505,182.59928945912185,,
2024-02-20 00:00:00-05:00,181.13456200161647,181.7722539176,179.3510224128385,180.9053955078125,53665600,0.0,0.0,180.9053955078125,182.72283325195312,32.11315977503414,180.56163816521925,,
2024-02-21 00:00:00-05:00,181.28405435734408,182.23062628266825,180.00867035619171,181.66268920898438,41529700,0.0,0.0,180.9053955078125,182.18079833984376,35.139430979958185,181.11964831942998,,
2024-02-22 00:00:00-05:00,182.81848586019305,184.29316088677606,181.8021742653834,183.7052764892578,52292200,0.0,0.0,182.6839828491211,182.22463989257812,42.63642113415329,183.04766757607973,,
2024-02-23 00:00:00-05:00,184.3429666556088,184.37285727847149,181.57299077597804,181.86195373535156,45119700,0.0,0.0,182.6839828491211,181.95760498046874,38.29455753729779,182.97292402722476,,
2024-02-26 00:00:00-05:00,181.5829745492965,182.10108884357552,179.99869543060538,180.50686645507812,40867400,0.0,0.0,180.50686645507812,181.7284362792969,35.41294530890399,181.04989213709047,,
2024-02-27 00:00:00-05:00,180.4470750372319,183.25690001064538,178.9126187804792,181.9715576171875,54318900,0.0,0.0,180.50686645507812,181.94166870117186,40.659127568408735,181.0847593955623,,
2024-02-28 00:00:00-05:00,181.85199678307725,182.45979817680953,179.48058766314844,180.76593017578125,48953900,0.0,0.0,181.36874389648438,181.76231689453124,37.904470358230945,180.97019291997898,,
2024-02-29 00:00:00-05:00,180.61647239906964,181.91178855608587,178.88274013933005,180.0983428955078,136682600,0.0,0.0,181.36874389648438,181.04093017578126,36.41939222733912,180.39726434770796,,
2024-03-01 00:00:00-05:00,178.9026640457765,179.87912655443867,176.74048946042234,179.01226806640625,73488000,0.0,0.0,179.55530548095703,180.4709930419922,34.05965836098498,178.3098080074305,,
2024-03-04 00:00:00-05:00,175.51490641269265,176.26220237846417,173.16341449891394,174.4687042236328,81510100,0.0,0.0,179.55530548095703,179.26336059570312,26.308377749698664,174.71280843868905,,
2024-03-05 00:00:00-05:00,170.14434479927544,171.4197287337638,169.00845550750375,169.50665283203125,95132400,0.0,0.0,171.98767852783203,176.77037963867187,20.712760997100645,170.21409212063378,,
2024-03-06 00:00:00-05:00,170.44326190896186,170.6226208472031,168.0718378391885,168.51025390625,68587700,0.0,0.0,171.98767852783203,174.31924438476562,19.79386034475932,169.3472293431958,,
2024-03-07 00:00:00-05:00,168.5401544147667,170.1144598371159,167.8825454793763,168.3907012939453,71765100,0.0,0.0,168.45047760009766,171.97771606445312,19.679994484789535,168.99850265824608,,
2024-03-08 00:00:00-05:00,168.39069767067738,173.0737495355564,168.33091642363513,170.1144561767578,76114600,0.0,0.0,168.45047760009766,170.19815368652343,26.32242421031872,170.70233297959578,,
2024-03-11 00:00:00-04:00,172.31649942978052,173.75131021022753,171.42970876738985,172.12718200683594,60139500,0.0,0.0,172.12718200683594,169.72984924316407,33.32105731695527,172.5905094888087,,
2024-03-12 00:00:00-04:00,172.52572483722957,173.40255698056936,170.39344092810595,172.60543823242188,59825400,0.0,0.0,172.12718200683594,170.3496063232422,34.9177762223073,171.89799895433765,,
2024-03-13 00:00:00-04:00,172.14711771653415,172.56560166885345,170.14435462584885,170.51303100585938,52488700,0.0,0.0,171.55923461914062,170.75016174316406,31.347953064882038,171.35497814735115,,
2024-03-14 00:00:00-04:00,172.28659461404473,173.68154097803347,171.42969464651588,172.3762664794922,72913500,0.0,0.0,171.55923461914062,171.54727478027343,37.52965077957319,172.55561781227468,,
2024-03-15 00:00:00-04:00,170.55286572568298,171.9976348876953,169.67603359258842,171.9976348876953,121664700,0.0,0.0,172.18695068359375,171.92391052246094,36.797775439566614,170.83683424014185,,
2024-03-18 00:00:00-04:00,174.93702524630143,177.06930930187292,172.89441306506424,173.09368896484375,75604200,0.0,0.0,172.18695068359375,172.1172119140625,40.45169753698655,174.9818611834686,,
2024-03-19 00:00:00-04:00,173.71144297319321,175.9732631292534,172.40616838919217,175.44517517089844,55215200,0.0,0.0,174.2694320678711,172.6851593017578,47.52614486505721,174.1897157592228,,
2024-03-20 00:00:00-04:00,175.08647190626633,178.0258331298828,174.45873840154812,178.0258331298828,53423100,0.0,0.0,174.2694320678711,174.1877197265625,54.03954337787633,176.24228576571545,,
2024-03-21 00:00:00-04:00,176.41168117904223,176.8500972709565,170.22406352502733,170.7521514892578,106181300,0.0,0.0,174.3889923095703,173.86289672851564,39.151215041435464,173.53708039799193,,
2024-03-22 00:00:00-04:00,171.14074502028382,172.42610267352754,169.44687710249696,171.65887451171875,71106600,0.0,0.0,174.3889923095703,173.7951446533203,41.340999906849284,170.93648988801226,,
2024-03-25 00:00:00-04:00,169.9550500090239,171.32010587263267,168.83907761478048,170.23403930664062,54288300,0.0,0.0,170.23403930664062,173.22321472167968,38.94699175551189,170.07959174370657,,
2024-03-26 00:00:00-04:00,169.38709229314748,170.80197088667242,168.96860836017046,169.09814453125,57388400,0.0,0.0,170.23403930664062,171.95380859375,37.0860170131159,169.88528962342144,,
2024-03-27 00:00:00-04:00,169.79562681694486,172.97412838637234,169.4967053620682,172.68516540527344,60273300,0.0,0.0,170.89165496826172,170.88567504882812,45.950724537631785,171.23541687422028,,
2024-03-28 00:00:00-04:00,171.13077090878156,171.60903605513778,169.89523614327186,170.8617401123047,65672700,0.0,0.0,170.89165496826172,170.9075927734375,42.6316598536921,170.75213609920482,,
2024-04-01 00:00:00-04:00,170.5728137058907,170.6325949561908,168.86897205345468,169.4169921875,46240500,0.0,0.0,170.89165496826172,170.45921630859374,40.134980952283854,169.75078350482272,,
2024-04-02 00:00:00-04:00,168.47041766713258,168.72947481572177,167.62347609078947,168.2312774658203,49329500,0.0,0.0,168.82413482666016,170.05866394042968,38.14230059892507,168.17647545325562,,
2024-04-03 00:00:00-04:00,168.1814453345995,170.0646306043195,167.97221097339488,169.03834533691406,47691700,0.0,0.0,168.82413482666016,170.0467041015625,40.3340123243348,169.01842078885718,,
2024-04-04 00:00:00-04:00,169.67605100414067,171.30017927084614,168.21136474609375,168.21136474609375,53704400,0.0,0.0,168.6248550415039,169.15194396972657,38.802749977400374,169.75577200846993,,
2024-04-05 00:00:00-04:00,168.97855588471026,169.77567460225572,168.3408639514289,168.96859741210938,42055200,0.0,0.0,168.6248550415039,168.7733154296875,41.030921970233905,169.0582692768423,,
2024-04-08 00:00:00-04:00,168.42059262733576,168.58997789957206,167.6334475147346,167.84268188476562,37425500,0.0,0.0,167.84268188476562,168.4584533691406,38.75066097125621,168.11171270715334,,
2024-04-09 00:00:00-04:00,168.09176931793073,169.46679875844995,167.74304032326918,169.0582733154297,42451200,0.0,0.0,167.84268188476562,168.6238525390625,42.500651748285726,168.60491954085956,,
2024-04-10 00:00:00-04:00,168.19142141332685,168.48036917466098,166.50751200767976,167.1750946044922,49709300,0.0,0.0,168.11668395996094,168.25120239257814,38.52849053374192,167.49394059117037,,
2024-04-11 00:00:00-04:00,167.73307888899373,174.8274194382653,167.55373514215378,174.40892028808594,91070300,0.0,0.0,168.11668395996094,169.49071350097657,55.783188870441236,171.19057729020955,,
2024-04-12 00:00:00-04:00,173.63173034934167,177.71695459263955,173.58192277868224,175.91348266601562,101593300,0.0,0.0,175.16120147705078,170.87969055175782,58.421674993915595,175.6494386856609,,
2024-04-15 00:00:00-04:00,174.72777001691693,175.993195505436,171.87808065130085,172.06739807128906,73531800,0.0,0.0,175.16120147705078,171.7246337890625,50.11288784660947,173.9356380783684,,
2024-04-16 00:00:00-04:00,171.1307833718662,173.13353117115574,167.6633342016507,168.7693328857422,73711200,0.0,0.0,170.41836547851562,171.666845703125,44.24740212629055,170.39843268640323,,
2024-04-17 00:00:00-04:00,168.99849837401,170.0347421275801,167.39430236816406,167.39430236816406,50901200,0.0,0.0,170.41836547851562,171.71068725585937,42.01864926685007,168.71452224787208,,
2024-04-18 00:00:00-04:00,167.4241802492927,168.0319815519269,165.94952052629202,166.437744140625,43122900,0.0,0.0,166.91602325439453,170.1164520263672,40.47697223563528,166.99075103910945,,
2024-04-19 00:00:00-04:00,165.610765092168,165.80006730864108,163.48843957599198,164.40512084960938,67772100,0.0,0.0,166.91602325439453,167.81477966308594,37.31476932099205,164.64425344231654,,
2024-04-22 00:00:00-04:00,164.92325754431266,166.65697461863107,164.17596150778874,165.24209594726562,48116400,0.0,0.0,165.24209594726562,166.44971923828126,39.43258691622592,165.4164680632099,,
2024-04-23 00:00:00-04:00,164.75386398167788,166.44773187185876,164.32540636965405,166.2982635498047,49537800,0.0,0.0,165.24209594726562,165.95550537109375,42.1149774519863,165.3865691207564,,
2024-04-24 00:00:00-04:00,165.93957460997115,168.68963384433354,165.61077772251915,168.41064453125,48251800,0.0,0.0,167.35445404052734,166.15877380371094,47.19867157803744,167.15020578342634,,
2024-04-25 00:00:00-04:00,168.91879363485126,169.9949017439694,167.54376407257087,169.27749633789062,50558300,0.0,0.0,167.35445404052734,166.72672424316406,49.18913665491769,168.76933290827014,,
2024-04-26 00:00:00-04:00,169.26751639469646,170.72224396978115,168.57002802452664,168.68960571289062,44838400,0.0,0.0,168.98355102539062,167.5836212158203,47.85917604272537,169.6461359971539,,
2024-04-29 00:00:00-04:00,172.74492977704497,175.39534310552878,172.47591417733986,172.8744659423828,68169400,0.0,0.0,168.98355102539062,169.11009521484374,56.87997800012421,173.93562864143433,,
2024-04-30 00:00:00-04:00,172.70508045160457,174.35909916149876,169.38708455902474,169.7158966064453,65934800,0.0,0.0,171.29518127441406,169.7936218261719,49.81018007866228,171.87309186026175,,
2024-05-01 00:00:00-04:00,168.96859497944865,172.0873148851987,168.5002883097745,168.68960571289062,50383100,0.0,0.0,171.29518127441406,169.8494140625,47.71558505675683,170.2938015974866,,
2024-05-02 00:00:00-04:00,171.8880442050533,172.7947670308616,170.27388965643632,172.4061737060547,94214900,0.0,0.0,170.54788970947266,170.47514953613282,55.14092071637216,171.53432834364895,,
2024-05-03 00:00:00-04:00,185.97705638865938,186.32580059963428,182.00145144318,182.71885681152344,163224100,0.0,0.0,170.54788970947266,173.28099975585937,68.59349091304519,184.16362602140714,,
2024-05-06 00:00:00-04:00,181.6925778578994,183.5358989126904,179.76952819965473,181.0548858642578,78569700,0.0,0.0,181.0548858642578,174.91708374023438,65.16610569714005,181.65271355617256,,
2024-05-07 00:00:00-04:00,182.78860333233249,184.23337259597065,180.66629297548113,181.7423858642578,77305800,0.0,0.0,181.0548858642578,177.32238159179687,65.93061615117028,182.4498327857259,,
2024-05-08 00:00:00-04:00,182.19076551728074,182.40997355379537,180.79580390275353,182.08116149902344,45057100,0.0,0.0,181.91177368164062,180.00069274902344,66.3264581178555,181.60288872827445,,
2024-05-09 00:00:00-04:00,181.90182360877466,183.99425867082294,181.45344901084354,183.9045867919922,48983000,0.0,0.0,181.91177368164062,182.30037536621094,68.4697113279237,182.72385384083324,,
2024-05-10 00:00:00-04:00,184.48325715706596,184.67283136158454,181.7195112814573,182.63743591308594,50759500,0.25,0.0,183.27101135253906,182.28409118652343,65.3288951154559,183.19617132152092,,
2024-05-13 00:00:00-04:00,185.0220348889267,186.67829703001243,184.2038757983674,185.86013793945312,72044800,0.0,0.0,183.27101135253906,183.2451416015625,69.23070072504488,185.4410864141899,,
2024-05-14 00:00:00-04:00,187.0873746193062,187.87560260141976,185.87012310151908,187.00755310058594,52393600,0.0,0.0,186.43384552001953,184.2981750488281,70.51484541585847,186.87286285146942,,
2024-05-15 00:00:00-04:00,187.48648604697289,190.2203008031565,186.9476945906926,189.2924041748047,70400000,0.0,0.0,186.43384552001953,185.74042358398438,72.95765796764871,188.58399769692454,,
2024-05-16 00:00:00-04:00,190.04070957734746,190.66929452090585,189.23253763528552,189.41212463378906,52845200,0.0,0.0,189.35226440429688,186.84193115234376,73.08465958696948,189.9509160780957,,
2024-05-17 00:00:00-04:00,189.08285791419516,190.3799308889647,188.7535998742954,189.44204711914062,41282900,0.0,0.0,189.35226440429688,188.20285339355468,73.11895630368953,189.56676538163003,,
2024-05-20 00:00:00-04:00,188.90328335886426,191.48744227389747,188.58399727816297,190.6094207763672,44361300,0.0,0.0,190.6094207763672,189.1527099609375,74.49701610552427,190.03571977603022,,
2024-05-21 00:00:00-04:00,190.65930352654095,192.295606563888,190.48968851208156,191.91647338867188,42309400,0.0,0.0,190.6094207763672,190.13449401855468,75.99471385770421,191.39264753798477,,
2024-05-22 00:00:00-04:00,191.83664908760778,192.38541249371693,189.84115686495446,190.4697265625,34648500,0.0,0.0,191.19309997558594,190.36995849609374,70.97962617419509,191.1132846793357,,
2024-05-23 00:00:00-04:00,190.54955125962866,190.5695104450197,186.20936473753514,186.45880126953125,51005900,0.0,0.0,191.19309997558594,189.7792938232422,59.205664594157845,188.3894375912774,,
2024-05-24 00:00:00-04:00,188.3944296603675,190.15045735054443,187.61617368042806,189.5518035888672,36294600,0.0,0.0,188.00530242919922,189.8012451171875,64.18530526939841,188.88331551548623,,
2024-05-28 00:00:00-04:00,191.07834591388357,192.56499305086223,188.6737894364844,189.56178283691406,52280100,0.0,0.0,189.56178283691406,189.5917175292969,64.20063036765393,190.6193912436733,,
2024-05-29 00:00:00-04:00,189.18265440509,191.81670371975596,189.0828736970108,189.86111450195312,53068000,0.0,0.0,189.56178283691406,189.18064575195314,64.69319972518704,190.44978870838338,,
2024-05-30 00:00:00-04:00,190.33005195445256,191.74684967437963,190.2003553062749,190.85885620117188,49947900,0.0,0.0,190.3599853515625,189.2584716796875,66.3696880816744,190.97360249032727,,
2024-05-31 00:00:00-04:00,191.00850903182757,192.13596695656702,189.48195877103,191.81668090820312,75158300,0.0,0.0,190.3599853515625,190.33004760742188,67.95732444641239,190.8089628637985,,
2024-06-03 00:00:00-04:00,192.46522387732944,194.55052487571635,192.08609069758458,193.59268188476562,50080500,0.0,0.0,193.59268188476562,191.13822326660156,70.74117759947869,193.31830778665045,,
2024-06-04 00:00:00-04:00,194.20129645164835,194.87977170290745,192.59492465346364,193.91195678710938,47471400,0.0,0.0,193.59268188476562,192.0082580566406,71.22960180221993,193.73734817818553,,
2024-06-05 00:00:00-04:00,194.95958593724887,196.45620511862302,194.43078171111515,195.42852783203125,54156800,0.0,0.0,194.6702423095703,193.12174072265626,73.51252376113041,195.44349341486907,,
2024-06-06 00:00:00-04:00,195.24895132280378,196.05712328824086,193.73237287474004,194.0416717529297,41181800,0.0,0.0,194.6702423095703,193.7583038330078,68.13828223079919,194.89474808149043,,
2024-06-07 00:00:00-04:00,194.2112712938544,196.4961183769711,193.7024262662087,196.44622802734375,53103900,0.0,0.0,195.24394989013672,194.68421325683593,71.99647774194088,195.09927232158992,,
2024-06-10 00:00:00-04:00,196.45620195884163,196.85530953542744,191.7169079607164,192.68472290039062,97262100,0.0,0.0,195.24394989013672,194.50262145996095,59.70357918070195,194.2861087480719,,
2024-06-11 00:00:00-04:00,193.21353266624035,206.6930926736998,193.1935887051364,206.68310546875,172373300,0.0,0.0,199.6839141845703,197.05685119628907,76.16543179907944,199.9433406894181,Yes,Yes
2024-06-12 00:00:00-04:00,206.902617394007,219.7037025197263,206.43367547843766,212.58978271484375,198134300,0.0,0.0,199.6839141845703,200.48910217285157,79.92651228613522,213.06868899908199,Yes,
2024-06-13 00:00:00-04:00,214.25601418934664,216.2614784743462,211.12309188063193,213.75714111328125,97862700,0.0,0.0,213.1734619140625,204.43219604492188,80.58466015579656,213.69228517748905,,
2024-06-14 00:00:00-04:00,213.36801320894725,214.68503016669274,210.8237575657328,212.01107788085938,70122700,0.0,0.0,213.1734619140625,207.545166015625,76.50647656754963,212.75439386621275,,
2024-06-17 00:00:00-04:00,212.88909055319678,218.45651588142053,212.2405616472853,216.18165588378906,93728300,0.0,0.0,216.18165588378906,212.2445526123047,79.23481728451468,215.3485387643529,,
2024-06-18 00:00:00-04:00,217.09957203800778,218.13723651623954,212.5199210550432,213.8070068359375,79943300,0.0,0.0,216.18165588378906,213.6693328857422,73.92183295730071,215.32857878564135,,
2024-06-20 00:00:00-04:00,213.44781843702847,213.75713252024897,208.3792815854295,209.2073974609375,86172500,0.0,0.0,216.18165588378906,212.99285583496095,64.77697754045131,211.06820705283923,,
2024-06-21 00:00:00-04:00,209.91581187096148,211.41243109582913,206.64320571720273,207.02235412597656,246421400,0.0,0.0,208.11487579345703,211.6458984375,60.88756509046303,209.02781840651593,,
2024-06-24 00:00:00-04:00,207.25183162238307,212.22060318958276,206.1243736003879,207.67088317871094,80727000,0.0,0.0,208.11487579345703,210.77785949707032,61.63080254907245,209.17248839498535,,
2024-06-25 00:00:00-04:00,208.67859169129048,210.90357646615678,208.13981549353107,208.59878540039062,56713900,0.0,0.0,208.13483428955078,209.26128540039062,62.732168904839355,209.5216959798439,,
2024-06-26 00:00:00-04:00,211.0233076661301,214.37573529051122,210.16524538059215,212.7693634033203,66213200,0.0,0.0,208.13483428955078,209.0537567138672,67.31564726689004,212.2704903355517,,
2024-06-27 00:00:00-04:00,214.2061287476001,215.25376527623442,211.8714063519454,213.61746215820312,49772700,0.0,0.0,213.19341278076172,209.9357696533203,68.18064465011412,213.5625858140899,,
2024-06-28 00:00:00-04:00,215.28368048569334,215.58300736088682,209.8260080950157,210.14527893066406,82542700,0.0,0.0,213.19341278076172,210.56035461425782,60.996897576014895,212.70450772795127,,
2024-07-01 00:00:00-04:00,211.61197396968475,217.01975619065925,211.4423589537816,216.261474609375,60402900,0.0,0.0,216.261474609375,212.27847290039062,67.54433493769844,214.23105757222044,,
2024-07-02 00:00:00-04:00,215.66281990345283,219.88329699479613,214.61519864650157,219.77354431152344,58046200,0.0,0.0,216.261474609375,214.5134246826172,70.6224297943223,217.24924782064886,,
2024-07-03 00:00:00-04:00,219.50414962607874,221.0506591796875,218.53633465750286,221.0506591796875,37369800,0.0,0.0,220.41210174560547,216.16968383789063,71.68389086502283,219.79349691859517,,
2024-07-05 00:00:00-04:00,221.15041758535088,225.93960192344272,221.15041758535088,225.82984924316406,60412400,0.0,0.0,225.82984924316406,218.6121612548828,75.31222054347877,223.5450097543968,,
2024-07-08 00:00:00-04:00,226.57816816685514,227.33646497984205,222.74682662809306,227.30653381347656,59085900,0.0,0.0,225.82984924316406,222.0444122314453,76.33081672446453,225.04164580396755,,
2024-07-09 00:00:00-04:00,227.41627168952732,228.8829597417087,225.85979013808537,228.16458129882812,48076100,0.0,0.0,227.73555755615234,224.42503356933594,76.93194445320987,227.37137493989704,,
2024-07-10 00:00:00-04:00,228.78319647541346,232.55467572482934,228.73330612276442,232.45489501953125,62627700,0.0,0.0,227.73555755615234,226.9613037109375,79.72983472832951,230.64399092379688,,
2024-07-11 00:00:00-04:00,230.86848076037649,231.86622690917008,225.26115227596378,227.05709838867188,64710600,0.0,0.0,229.75599670410156,228.16259155273437,68.38674732650213,228.56368959256693,,
2024-07-12 00:00:00-04:00,228.40404188598967,232.11565870158282,228.1645773343909,230.0203857421875,53046500,0.0,0.0,229.75599670410156,229.00069885253907,70.860529695228,230.14011801798688,,
2024-07-15 00:00:00-04:00,235.94700263838575,236.69531224247876,232.5646438368613,233.87168884277344,62631300,0.0,0.0,233.87168884277344,230.31372985839843,73.76110384675857,234.62997803967005,,
2024-07-16 00:00:00-04:00,234.47032795283747,235.73746973269033,231.8063477557903,234.29074096679688,43234300,0.0,0.0,233.87168884277344,231.5389617919922,74.06641133570405,233.7719087442403,,
2024-07-17 00:00:00-04:00,228.9328431112231,230.93832254659503,226.12917896312734,228.3641357421875,57345900,0.0,0.0,231.3274383544922,230.72080993652344,62.828212176242445,228.5337507548612,,
2024-07-18 00:00:00-04:00,229.76098610155705,229.92062914212065,221.7690447852705,223.6747283935547,66034600,0.0,0.0,231.3274383544922,230.0443359375,55.575758655556044,225.84483696369557,,
2024-07-19 00:00:00-04:00,224.31328836166992,226.28882140195597,222.77675082247163,223.80442810058594,49151500,0.0,0.0,223.7395782470703,228.8011444091797,55.729389695254916,224.53278611221378,,
2024-07-22 00:00:00-04:00,226.4983442399413,227.26661302541467,222.58718122432802,223.45523071289062,48201800,0.0,0.0,223.7395782470703,226.7178527832031,55.17102981683338,224.92689712487135,,
2024-07-23 00:00:00-04:00,223.86429647317826,226.42851135969482,222.1781030613285,224.5028533935547,39960300,0.0,0.0,223.97904205322266,224.7602752685547,56.589343679137485,224.30330721051166,,
2024-07-24 00:00:00-04:00,223.49514031921132,224.29334029380243,216.64062905712152,218.0474395751953,61777600,0.0,0.0,223.97904205322266,222.69693603515626,46.69446719057136,220.46698467546196,,
2024-07-25 00:00:00-04:00,218.4365585703147,220.35224458682225,214.13627507494223,216.99981689453125,51391200,0.0,0.0,217.52362823486328,221.36195373535156,45.29732298376134,217.24425983088224,,
2024-07-26 00:00:00-04:00,218.20707238174316,218.99530033853074,215.52313289555326,217.46875,41601300,0.0,0.0,217.52362823486328,220.09481811523438,46.08224370787336,217.259216617042,,
2024-07-29 00:00:00-04:00,216.47100932714253,218.80573164190093,215.26372979848315,217.7481231689453,36311800,0.0,0.0,217.7481231689453,218.95339660644532,46.57862822211512,217.03473072019204,,
2024-07-30 00:00:00-04:00,218.6959746261333,219.8334045947242,215.63288672795753,218.30685424804688,41643800,0.0,0.0,217.7481231689453,217.71419677734374,47.62678431000074,217.73314566134087,,
2024-07-31 00:00:00-04:00,220.94091084366266,223.3155515626994,220.13273889458495,221.5794677734375,50036300,0.0,0.0,219.9431610107422,218.42060241699218,53.44251754913738,221.72414522864216,,
2024-08-01 00:00:00-04:00,223.86429233538576,223.9740450176905,216.53086747941563,217.8678436279297,62501000,0.0,0.0,219.9431610107422,218.59420776367188,47.00757689910808,220.25245624855307,,
2024-08-02 00:00:00-04:00,218.65606496292435,225.09153987705304,217.2193232804361,219.36447143554688,105568600,0.0,0.0,218.61615753173828,218.97335205078124,49.664006283037956,221.15543157874458,,
2024-08-05 00:00:00-04:00,198.64127617987643,213.0188017705649,195.55824424838744,208.79833984375,119548600,0.0,0.0,218.61615753173828,217.1833953857422,35.86679200693168,204.28852300947617,Yes,
2024-08-06 00:00:00-04:00,204.83729660703725,209.51672869129231,200.6168344706096,206.762939453125,69660500,0.0,0.0,207.7806396484375,214.8746124267578,33.8951278289096,205.06678158095096,,
2024-08-07 00:00:00-04:00,206.43367474426563,213.15848935419993,205.9248296826355,209.34710693359375,63516400,0.0,0.0,207.7806396484375,212.42814025878906,38.55635589564533,209.5416595184177,,
2024-08-08 00:00:00-04:00,212.6296774525561,213.71721707569145,208.35932525259923,212.8292236328125,47161100,0.0,0.0,211.08816528320312,211.42041625976563,44.30803036830725,211.03827116414533,,
2024-08-09 00:00:00-04:00,211.62197118803232,216.29141600978787,211.4922593126285,215.7526397705078,42201600,0.0,0.0,211.08816528320312,210.69804992675782,48.691017786759296,213.89183766120817,,
2024-08-12 00:00:00-04:00,215.83255236617862,219.26875909808805,215.36306766380915,217.2909393310547,38028100,0.25,0.0,217.2909393310547,212.39656982421874,50.901116693356684,217.3159133809486,,
2024-08-13 00:00:00-04:00,218.76929897291208,221.646138683676,218.76929897291208,221.02682495117188,44155300,0.0,0.0,217.2909393310547,215.2493469238281,55.91396102133675,220.20771882829405,,
2024-08-14 00:00:00-04:00,220.3276035510778,222.7848915052682,219.45854930599305,221.47633361816406,41960600,0.0,0.0,221.25157928466797,217.6751922607422,56.49487218607527,221.12172040563064,,
2024-08-15 00:00:00-04:00,224.35317447515422,225.10235023777113,222.5151850202656,224.47303771972656,46414000,0.0,0.0,221.25157928466797,220.003955078125,60.286811397475404,223.80876762901835,,
2024-08-16 00:00:00-04:00,223.67391069385005,226.5807162697698,223.40420315535758,225.80157470703125,44340200,0.0,0.0,225.1373062133789,222.01374206542968,61.88758299357231,224.9924597125637,,
2024-08-19 00:00:00-04:00,225.4719428035102,225.74165035068273,222.79488010428776,225.64175415039062,40687800,0.0,0.0,225.1373062133789,223.68390502929688,61.563104226347946,224.26826522748524,,
2024-08-20 00:00:00-04:00,225.52188562847152,226.92034094772856,225.20222998863,226.2610626220703,30299000,0.0,0.0,225.95140838623047,224.73075256347656,62.39358812051782,226.06128546817928,,
2024-08-21 00:00:00-04:00,226.2710625686077,227.7294495174454,224.80267685471037,226.15118408203125,34765500,0.0,0.0,225.95140838623047,225.66572265625,62.13468633191823,226.26606318607787,,
2024-08-22 00:00:00-04:00,227.53966079897057,228.08905941841815,223.65393636981634,224.2832489013672,43695300,0.0,0.0,225.21721649169922,225.6277648925781,57.709765616417144,225.87149789411723,,
2024-08-23 00:00:00-04:00,225.41200238324527,227.96918649391685,224.0834622297127,226.5906982421875,38677300,0.0,0.0,225.21721649169922,225.78558959960938,61.40067698959092,226.02632436181477,,
2024-08-26 00:00:00-04:00,226.5107917661563,227.03022456881217,223.64395069142014,226.93032836914062,30602200,0.0,0.0,226.93032836914062,226.04330444335938,61.93221863478875,225.33708763011617,,
2024-08-27 00:00:00-04:00,225.75162066501636,228.5984945445466,224.64283997153836,227.77938842773438,35934600,0.0,0.0,226.93032836914062,226.3469696044922,63.305327591380056,226.6206672580425,,
2024-08-28 00:00:00-04:00,227.6695099550691,229.6073802985885,225.4319662685897,226.2410888671875,38052200,0.0,0.0,227.01023864746094,226.36495056152344,59.10677701030315,227.5196732835891,,
2024-08-29 00:00:00-04:00,229.8471324488683,232.66402541964027,228.62847197635801,229.53746032714844,51906300,0.0,0.0,227.01023864746094,227.4157928466797,64.5786023320041,230.64624869799914,,
2024-08-30 00:00:00-04:00,229.93703146120657,230.14679214282077,227.23000295250677,228.7483367919922,52990800,0.0,0.0,229.1428985595703,227.84732055664062,62.405767878805996,228.68839754766378,,
2024-09-03 00:00:00-04:00,228.29882348382426,228.74832587928796,220.92692932694945,222.52517700195312,50190600,0.0,0.0,222.52517700195312,226.96629028320314,48.436119661156965,224.8376276031187,,
2024-09-04 00:00:00-04:00,221.4164072047842,221.53627045160738,217.24099295020864,220.6072998046875,43840200,0.0,0.0,222.52517700195312,225.53187255859376,45.057423716718944,219.388631700908,,
2024-09-05 00:00:00-04:00,221.38642912323468,225.23218875186365,221.2765494057299,222.13560485839844,36615400,0.0,0.0,221.37145233154297,224.71077575683594,48.18791339447793,223.25436907879677,,
2024-09-06 00:00:00-04:00,223.7038813850335,224.99247224215048,219.5284824188554,220.57733154296875,48423000,0.0,0.0,221.37145233154297,222.91875,45.32575254516856,222.26047733050294,,
2024-09-09 00:00:00-04:00,220.57732363843863,221.0268260349447,216.47183996524672,220.66722106933594,67180000,0.0,0.0,220.66722106933594,221.30252685546876,45.52861513407004,218.7493330000957,,
2024-09-10 00:00:00-04:00,218.67940838073807,221.23659254048482,216.49181271910507,219.86810302734375,51591000,0.0,0.0,220.66722106933594,220.77111206054687,43.952749397342586,218.86420262979493,,
2024-09-11 00:00:00-04:00,221.21662032032157,222.84481857216005,217.65053646391294,222.41529846191406,44587100,0.0,0.0,221.1417007446289,221.1327117919922,49.95431940813803,220.24767751803648,,
2024-09-12 00:00:00-04:00,222.25546946786713,223.30431855196207,219.57842214055833,222.52517700195312,37498200,0.0,0.0,221.1417007446289,221.21062622070312,50.20433373509845,221.44137034626021,,
2024-09-13 00:00:00-04:00,223.33429284055268,223.7937787761964,221.66612995902517,222.25547790527344,36766600,0.0,0.0,222.39032745361328,221.54625549316407,49.543993003528165,222.7299543676108,,
2024-09-16 00:00:00-04:00,216.302019591785,216.98128020943747,213.6849038037586,216.082275390625,59357400,0.0,0.0,222.39032745361328,220.62926635742187,37.32850798406895,215.33309200659804,,
2024-09-17 00:00:00-04:00,215.51289221314667,216.6616222741377,214.26426595466958,216.55174255371094,45519300,0.0,0.0,216.31700897216797,219.96599426269532,38.580305910859046,215.46294411440363,,
2024-09-18 00:00:00-04:00,217.31091546092293,222.46524827574677,217.30091669603667,220.4474639892578,59894900,0.0,0.0,216.31700897216797,219.57242736816406,47.95648074936728,219.88308248589172,,
2024-09-19 00:00:00-04:00,224.74274368478322,229.56743739121873,224.38313871157,228.61846923828125,66781300,0.0,0.0,224.53296661376953,220.79108581542968,61.392933261094385,226.9752880513944,,
2024-09-20 00:00:00-04:00,229.7172625160979,232.83382873595048,227.36983908638868,227.94920349121094,318679900,0.0,0.0,224.53296661376953,221.9298309326172,60.01349531528298,230.1018339111696,,
2024-09-23 00:00:00-04:00,227.09015412184934,229.19783588273827,225.56183678133013,226.2211151123047,54146000,0.0,0.0,226.2211151123047,223.9575988769531,56.45346333812707,227.3798363320342,,
2024-09-24 00:00:00-04:00,228.39870925768025,229.09795215651428,225.48192014495527,227.1201171875,43556100,0.0,0.0,226.2211151123047,226.07127380371094,57.86677076335306,227.28993615073477,,
2024-09-25 00:00:00-04:00,224.6827959331431,227.04020291666632,223.77380760174057,226.1212158203125,42308700,0.0,0.0,226.62066650390625,227.20602416992188,55.68409961437308,225.40700525920346,,
2024-09-26 00:00:00-04:00,227.05019905798116,228.24887720276465,225.16227678839184,227.26995849609375,36636700,0.0,0.0,226.62066650390625,226.9363220214844,57.67946542207063,226.70557699557824,,
2024-09-27 00:00:00-04:00,228.20893469195548,229.26776733886913,227.05020584581527,227.53965759277344,34026000,0.0,0.0,227.4048080444336,226.8544128417969,58.16021761571882,228.15898659234222,,
2024-09-30 00:00:00-04:00,229.78718847660608,232.7439422607422,229.39761768078608,232.7439422607422,54541900,0.0,0.0,227.4048080444336,228.1589782714844,66.2110165509846,231.07077997076414,,
2024-10-01 00:00:00-04:00,229.2677705196639,229.3976172900359,223.49412373913023,225.96141052246094,63285000,0.0,0.0,229.35267639160156,227.92723693847657,52.02899954270593,226.44587051458308,,
2024-10-02 00:00:00-04:00,225.64175566026316,227.12012493395358,222.77491454853467,226.53077697753906,32880600,0.0,0.0,229.35267639160156,228.00914916992187,52.94858615234021,224.94751974124412,,
2024-10-03 00:00:00-04:00,224.8925655126969,226.56072831643584,223.0745736591087,225.42198181152344,34044200,0.0,0.0,225.97637939453125,227.63955383300782,50.88384595950297,224.81765098777225,,
2024-10-04 00:00:00-04:00,227.6495326914976,227.74942888869526,223.88368688105714,226.55075073242188,37245100,0.0,0.0,225.97637939453125,227.4417724609375,52.915523062767065,225.8165578848762,,
2024-10-07 00:00:00-04:00,224.25327473060864,225.44196936055414,221.08676038639473,221.4463653564453,39505400,0.0,0.0,221.4463653564453,225.18225708007813,43.97459215396699,223.26436487347445,,
2024-10-08 00:00:00-04:00,224.05349542674807,225.73164177618557,223.0046463373399,225.52188110351562,31855700,0.0,0.0,221.4463653564453,225.09435119628907,51.139474617069325,224.36814405676273,,
2024-10-09 00:00:00-04:00,224.9824739985636,229.49751090746852,224.58291968465133,229.28773498535156,33591100,0.0,0.0,227.4048080444336,225.64574279785157,56.701011898200306,227.04021529605993,,
2024-10-10 00:00:00-04:00,227.5296744960524,229.24778548023318,226.9203442604764,228.7882843017578,28183500,0.0,0.0,227.4048080444336,226.31900329589843,55.78563401907203,228.08406487035478,,
2024-10-11 00:00:00-04:00,229.04800351672907,229.15788323697032,227.09015084025384,227.2999267578125,31759200,0.0,0.0,228.04410552978516,226.46883850097657,53.013447270291415,228.12401703861207,,
2024-10-14 00:00:00-04:00,228.44865815944695,231.47532700331138,228.34877720356226,231.04580688476562,39882100,0.0,0.0,228.04410552978516,228.38872680664062,58.63654568854191,229.91205210343682,,
2024-10-15 00:00:00-04:00,233.3532605949055,237.22900130875718,232.11461788171079,233.59300231933594,64751400,0.0,0.0,232.31940460205078,230.0029510498047,61.998013564252055,234.67180959523398,,
2024-10-16 00:00:00-04:00,231.34547369396782,231.86489123072647,229.5873982094942,231.5252685546875,34082200,0.0,0.0,232.31940460205078,230.45045776367186,57.84982277790518,230.72614472011034,,
2024-10-17 00:00:00-04:00,233.17345903647427,233.59301088010824,230.26666863657624,231.89486694335938,32993800,0.0,0.0,231.71006774902344,231.0717742919922,58.39072494241857,231.92983975834224,,
2024-10-18 00:00:00-04:00,235.9204255737285,235.9204255737285,233.75281228137578,234.74172973632812,46431500,0.0,0.0,231.71006774902344,232.5601348876953,62.427529356918946,234.83661892755214,,
2024-10-21 00:00:00-04:00,234.19234018879644,236.5897117727769,234.19234018879644,236.22010803222656,36254500,0.0,0.0,236.22010803222656,233.5949951171875,64.37824550545695,235.39102598078665,,
2024-10-22 00:00:00-04:00,233.6329632952546,235.96040454410334,232.3443876620224,235.60079956054688,38846600,0.0,0.0,236.22010803222656,233.99655456542968,62.89145565508599,234.15239610306287,,
2024-10-23 00:00:00-04:00,233.822752128634,234.88158476901867,227.50969037853835,230.5063934326172,52287000,0.0,0.0,233.05359649658203,233.79277954101562,52.12741446026433,231.19563757377853,,
2024-10-24 00:00:00-04:00,229.7272566761152,230.56634513279107,228.15898997077215,230.31661987304688,31109500,0.0,0.0,233.05359649658203,233.4771301269531,51.76865373958399,229.3626675517816,,
2024-10-25 00:00:00-04:00,229.4875225740561,232.96369380669327,229.3177112321018,231.1556854248047,38802300,0.0,0.0,230.73615264892578,232.75992126464843,53.3128704124723,231.14070251939754,,
2024-10-28 00:00:00-04:00,233.06359498314518,234.472033847566,232.29443692443334,233.14349365234375,36087100,0.0,0.0,230.73615264892578,232.14459838867188,56.86886056398196,233.38323538599968,,
2024-10-29 00:00:00-04:00,232.84382710997653,234.07247106119948,232.06468555632105,233.41319274902344,35417200,0.0,0.0,233.2783432006836,231.7070770263672,57.34795422351886,233.06857830876027,,
2024-10-30 00:00:00-04:00,232.35435817157438,233.21341362628857,229.29772360355057,229.8471221923828,47070900,0.0,0.0,233.2783432006836,231.57522277832032,49.45307633109886,231.25556861491958,,
2024-10-31 00:00:00-04:00,229.08795100904055,229.57741798472995,225.1223128313268,225.66172790527344,64370100,0.0,0.0,227.75442504882812,230.6442443847656,42.06535270381943,227.3498654080284,,
2024-11-01 00:00:00-04:00,220.72715344034327,225.10234466312102,220.02792579428782,222.66502380371094,65276700,0.0,0.0,227.75442504882812,228.94611206054688,37.684128655371964,222.56513522870443,,
2024-11-04 00:00:00-05:00,220.74713841963055,222.54514803369162,219.46854635353304,221.76600646972656,44944500,0.0,0.0,221.76600646972656,226.67061462402344,36.44629940072076,221.00684719361232,,
2024-11-05 00:00:00-05:00,221.5562414690178,223.70387248945224,220.896963160989,223.2044219970703,28111300,0.0,0.0,221.76600646972656,224.6288604736328,39.88065286007499,222.30041782522062,,
2024-11-06 00:00:00-05:00,222.36535526416637,225.82155947797517,220.94691765378838,222.47523498535156,54561100,0.0,0.0,222.83982849121094,223.15448303222655,38.727491070395196,223.3842385658818,,
2024-11-07 00:00:00-05:00,224.38313701629485,227.629565273657,224.32320539488208,227.22999572753906,42137700,0.0,0.0,222.83982849121094,223.4681365966797,49.14897597600677,225.97638533426954,,
2024-11-08 00:00:00-05:00,227.1699981689453,228.66000366210938,226.41000366210938,226.9600067138672,38328800,0.25,0.0,227.09500122070312,224.32713317871094,48.6383855260626,227.53500366210938,,
2024-11-11 00:00:00-05:00,225.0,225.6999969482422,221.5,224.22999572753906,42005600,0.0,0.0,227.09500122070312,224.81993103027344,43.653988598723906,223.5999984741211,,
2024-11-12 00:00:00-05:00,224.5500030517578,225.58999633789062,223.36000061035156,224.22999572753906,40398300,0.0,0.0,224.22999572753906,225.0250457763672,43.653988598723906,224.4749984741211,,
2024-11-13 00:00:00-05:00,224.00999450683594,226.64999389648438,222.75999450683594,225.1199951171875,48566200,0.0,0.0,224.22999572753906,225.5539978027344,45.793594266395225,224.70499420166016,,
2024-11-14 00:00:00-05:00,225.02000427246094,228.8699951171875,225.0,228.22000122070312,44923900,0.0,0.0,226.6699981689453,225.7519989013672,52.60707575057884,226.93499755859375,,
2024-11-15 00:00:00-05:00,226.39999389648438,226.9199981689453,224.27000427246094,225.0,47923700,0.0,0.0,226.6699981689453,225.35999755859376,46.06922456477207,225.59500122070312,,
2024-11-18 00:00:00-05:00,225.25,229.74000549316406,225.1699981689453,228.02000427246094,44686000,0.0,0.0,228.02000427246094,226.1179992675781,52.13359069199013,227.4550018310547,,
2024-11-19 00:00:00-05:00,226.97999572753906,230.16000366210938,226.66000366210938,228.27999877929688,36211800,0.0,0.0,228.02000427246094,226.9279998779297,52.63201867073995,228.41000366210938,,
2024-11-20 00:00:00-05:00,228.05999755859375,229.92999267578125,225.88999938964844,229.0,35169600,0.0,0.0,228.63999938964844,227.7040008544922,54.0715932723831,227.90999603271484,,
2024-11-21 00:00:00-05:00,228.8800048828125,230.16000366210938,225.7100067138672,228.52000427246094,42108300,0.0,0.0,228.63999938964844,227.76400146484374,52.906463387010014,227.93500518798828,,
2024-11-22 00:00:00-05:00,228.05999755859375,230.72000122070312,228.05999755859375,229.8699951171875,38168300,0.0,0.0,229.19499969482422,228.73800048828124,55.816955569251235,229.38999938964844,,
2024-11-25 00:00:00-05:00,231.4600067138672,233.25,229.74000549316406,232.8699951171875,90152800,0.0,0.0,229.19499969482422,229.70799865722657,61.55596224758986,231.49500274658203,,
2024-11-26 00:00:00-05:00,233.3300018310547,235.57000732421875,233.3300018310547,235.05999755859375,45986200,0.0,0.0,233.96499633789062,231.06399841308593,65.14802566135167,234.45000457763672,,
2024-11-27 00:00:00-05:00,234.47000122070312,235.69000244140625,233.80999755859375,234.92999267578125,33498400,0.0,0.0,233.96499633789062,232.2499969482422,64.75760480038039,234.75,,
2024-11-29 00:00:00-05:00,234.80999755859375,237.80999755859375,233.97000122070312,237.3300018310547,28481400,0.0,0.0,233.96499633789062,234.01199645996093,68.54069181743078,235.88999938964844,,
2024-12-02 00:00:00-05:00,237.27000427246094,240.7899932861328,237.16000366210938,239.58999633789062,48137100,0.0,0.0,239.58999633789062,235.95599670410155,71.65501580514973,238.9749984741211,,
2024-12-03 00:00:00-05:00,239.80999755859375,242.75999450683594,238.89999389648438,242.64999389648438,38861000,0.0,0.0,239.58999633789062,237.91199645996093,75.2595422985603,240.82999420166016,,
2024-12-04 00:00:00-05:00,242.8699951171875,244.11000061035156,241.25,243.00999450683594,44383900,0.0,0.0,242.82999420166016,239.5019958496094,75.65542679802132,242.68000030517578,,
2024-12-05 00:00:00-05:00,243.99000549316406,244.5399932861328,242.1300048828125,243.0399932861328,40033900,0.0,0.0,242.82999420166016,241.12399597167968,75.69065954153658,243.33499908447266,,
2024-12-06 00:00:00-05:00,242.91000366210938,244.6300048828125,242.0800018310547,242.83999633789062,36870600,0.0,0.0,242.93999481201172,242.2259948730469,74.90508472016451,243.3550033569336,,
2024-12-09 00:00:00-05:00,241.8300018310547,247.24000549316406,241.75,246.75,44649200,0.0,0.0,242.93999481201172,243.65799560546876,79.43970200151215,244.49500274658203,,
2024-12-10 00:00:00-05:00,246.88999938964844,248.2100067138672,245.33999633789062,247.77000427246094,36914800,0.0,0.0,247.26000213623047,244.68199768066407,80.4418232502363,246.7750015258789,,
2024-12-11 00:00:00-05:00,247.9600067138672,250.8000030517578,246.25999450683594,246.49000549316406,45205800,0.0,0.0,247.26000213623047,245.37799987792968,75.42719697492383,248.52999877929688,,
2024-12-12 00:00:00-05:00,246.88999938964844,248.74000549316406,245.67999267578125,247.9600067138672,32777500,0.0,0.0,247.22500610351562,246.36200256347655,77.20133117927914,247.20999908447266,,
2024-12-13 00:00:00-05:00,247.82000732421875,249.2899932861328,246.24000549316406,248.1300048828125,33155300,0.0,0.0,247.22500610351562,247.42000427246094,77.40637954831509,247.76499938964844,,
2024-12-16 00:00:00-05:00,247.99000549316406,251.3800048828125,247.64999389648438,251.0399932861328,51694800,0.0,0.0,251.0399932861328,248.2780029296875,80.64525003311056,249.51499938964844,,
2024-12-17 00:00:00-05:00,250.0800018310547,253.8300018310547,249.77999877929688,253.47999572753906,51356400,0.0,0.0,251.0399932861328,249.4200012207031,82.88179280020402,251.80500030517578,,
2024-12-18 00:00:00-05:00,252.16000366210938,254.27999877929688,247.74000549316406,248.0500030517578,56774100,0.0,0.0,250.76499938964844,249.73200073242188,64.77575961501256,251.01000213623047,,
2024-12-19 00:00:00-05:00,247.5,252.0,247.08999633789062,249.7899932861328,60882300,0.0,0.0,250.76499938964844,250.097998046875,67.26643549614406,249.5449981689453,,
2024-12-20 00:00:00-05:00,248.0399932861328,255.0,245.69000244140625,254.49000549316406,147495300,0.0,0.0,252.13999938964844,251.3699981689453,72.89383775057459,250.34500122070312,,
2024-12-23 00:00:00-05:00,254.77000427246094,255.64999389648438,253.4499969482422,255.27000427246094,40858800,0.0,0.0,252.13999938964844,252.21600036621095,73.70915442451272,254.54999542236328,,
2024-12-24 00:00:00-05:00,255.49000549316406,258.2099914550781,255.2899932861328,258.20001220703125,23234700,0.0,0.0,256.7350082397461,253.16000366210938,76.58484629464523,256.74999237060547,,
2024-12-26 00:00:00-05:00,258.19000244140625,260.1000061035156,257.6300048828125,259.0199890136719,27237100,0.0,0.0,259.0199890136719,255.3540008544922,77.338835222931,258.86500549316406,,
2024-12-27 00:00:00-05:00,257.8299865722656,258.70001220703125,253.05999755859375,255.58999633789062,42355300,0.0,0.0,259.0199890136719,256.5140014648438,67.46173900035512,255.8800048828125,,
2024-12-30 00:00:00-05:00,252.22999572753906,253.5,250.75,252.1999969482422,35557500,0.0,0.0,252.1999969482422,256.0559997558594,59.32273234438459,252.125,,
