Date,Open,High,Low,Close,Volume,Dividends,Stock Splits,Average_close,Moving_Average,RSI alpha=0.3,Type_Price_0,Type_Price_t,TradingRange_0,TradingRange_t,SMA_10_type_prise,SMA_10_trading_rang,Up_Line_Keltner,Down_Line_Keltner,Median,Signal_by_High_Low_3.0%,Signal_by_Close_3.0%
2024-07-23 00:00:00-04:00,181.60063077483179,183.15677763502865,181.09187991745063,181.3412628173828,36352700,0.0,0.0,,,,181.863306789954,181.863306789954,2.0648977175780203,2.0648977175780203,,,,,182.12432877623962,,
2024-07-24 00:00:00-04:00,173.17147948125148,175.7550824876713,171.39587457774786,172.20387268066406,49585200,0.0,0.0,176.77256774902344,,0.0,173.11827658202773,173.11827658202773,4.359207909923441,4.359207909923441,177.49079168599087,3.2120528137507307,180.70284449974162,174.27873887224013,173.57547853270958,,
2024-07-25 00:00:00-04:00,172.09415162233938,172.9919239516059,166.77730649977468,166.86708068847656,44852000,0.0,0.0,176.77256774902344,,0.0,168.87877037995239,168.87877037995239,6.214617451831231,6.214617451831231,177.49079168599087,3.2120528137507307,180.70284449974162,174.27873887224013,169.8846152256903,,
2024-07-26 00:00:00-04:00,166.73739219847286,167.67507428919038,163.65502336750666,166.5877685546875,41336900,0.0,0.0,166.72742462158203,,0.0,165.9726220704615,165.9726220704615,4.020050921683719,4.020050921683719,167.42569622520693,5.117334186757475,172.54303041196442,162.30836203844945,165.66504882834852,,
2024-07-29 00:00:00-04:00,168.41325743181997,170.00929881723164,167.57533456289457,169.1115264892578,20293800,0.0,0.0,166.72742462158203,171.22230224609376,15.991990426496205,168.89871995646135,168.89871995646135,2.43396425433707,2.43396425433707,167.42569622520693,5.117334186757475,172.54303041196442,162.30836203844945,168.7923166900631,,
2024-07-30 00:00:00-04:00,169.81977976349475,170.80732627515368,168.0242198953097,169.86964416503906,18959700,0.0,0.0,169.49058532714844,168.927978515625,21.386948346325198,169.5670634451675,169.5670634451675,2.7831063798439857,2.7831063798439857,169.23289170081443,2.608535317090528,171.84142701790495,166.62435638372392,169.4157730852317,,
2024-07-31 00:00:00-04:00,172.8123777659636,173.81987919012954,169.59033977786405,171.11656188964844,25729100,0.0,0.0,169.49058532714844,168.71051635742188,31.693894909620614,171.50892695254734,171.50892695254734,4.2295394122654955,4.2295394122654955,169.23289170081443,2.608535317090528,171.84142701790495,166.62435638372392,171.7051094839968,,
2024-08-01 00:00:00-04:00,169.82975009576955,173.62037311276333,168.46313671318876,170.33848571777344,24531400,0.0,0.0,170.72752380371094,169.40479736328126,28.377298031510488,170.8073318479085,170.8073318479085,5.157236399574572,5.157236399574572,171.15812940022792,4.693387905920034,175.85151730614797,166.46474149430787,171.04175491297605,,
2024-08-02 00:00:00-04:00,166.0291532919356,168.09403568140388,164.26351818998194,166.2486114501953,29130100,0.0,0.0,170.72752380371094,169.33696594238282,15.89060705243387,166.2020551071937,166.2020551071937,3.8305174914219435,3.8305174914219435,171.15812940022792,4.693387905920034,175.85151730614797,166.46474149430787,166.1787769356929,,
2024-08-05 00:00:00-04:00,155.11615967563407,164.02410932064197,154.54755937261288,158.85690307617188,53630700,0.0,0.0,158.85690307617188,167.28604125976562,7.439105572006081,159.1428572564756,159.1428572564756,9.476549948029088,9.476549948029088,159.1428572564756,9.476549948029088,168.61940720450468,149.6663073084465,159.28583434662744,,
2024-08-06 00:00:00-04:00,158.9367028046725,160.17364739940209,156.02391252139645,157.89926147460938,49004600,0.0,0.0,158.85690307617188,164.8919647216797,6.772453050004666,158.0322737984693,158.0322737984693,4.149734878005631,4.149734878005631,159.1428572564756,9.476549948029088,168.61940720450468,149.6663073084465,158.09877996039927,,
2024-08-07 00:00:00-04:00,160.8519639234384,162.57768925896593,158.07882740651024,158.54766845703125,25138600,0.0,0.0,158.2234649658203,162.37818603515626,14.208934590406308,159.73472837416912,159.73472837416912,4.49886185245569,4.49886185245569,158.8835010863192,4.324298365230661,163.20779945154987,154.55920272108852,160.32825833273807,,
2024-08-08 00:00:00-04:00,160.11378318649506,163.2859414220711,159.81453589918704,161.63003540039062,25578800,0.0,0.0,158.2234649658203,160.6364959716797,44.35308082193255,161.57683757388293,161.57683757388293,3.471405522884055,3.471405522884055,158.8835010863192,4.324298365230661,163.20779945154987,154.55920272108852,161.55023866062908,,
2024-08-09 00:00:00-04:00,159.61502198985195,163.38569012929312,158.66737003691415,163.2659912109375,28602300,0.0,0.0,162.44801330566406,160.03997192382812,56.05930929615279,161.77301712571492,161.77301712571492,4.718320092378974,4.718320092378974,161.6749273497989,4.094862807631515,165.7697901574304,157.5800645421674,161.02653008310364,,
2024-08-12 00:00:00-04:00,163.94431682299714,164.49294700024495,161.44050288346338,161.88938903808594,15895300,0.0,0.0,162.44801330566406,160.64646911621094,44.74435165191794,162.60761297393142,162.60761297393142,3.0524441167815723,3.0524441167815723,161.6749273497989,4.094862807631515,165.7697901574304,157.5800645421674,162.96672494185418,,
2024-08-13 00:00:00-04:00,163.0066273700011,164.32336104553403,162.56771107111587,163.75477600097656,18551700,0.0,0.0,162.82208251953125,161.81757202148438,60.268366699184575,163.5486160392088,163.5486160392088,1.7556499744181622,1.7556499744181622,163.0781145065701,2.4040470455998673,165.48216155216997,160.67406746097024,163.44553605832493,,
2024-08-14 00:00:00-04:00,161.9991088123198,162.81709194492808,157.32069888325617,159.97412109375,40591100,0.0,0.0,162.82208251953125,162.1028625488281,33.23421106120023,160.03730397397808,160.03730397397808,5.49639306167191,5.49639306167191,163.0781145065701,2.4040470455998673,165.48216155216997,160.67406746097024,160.06889541409214,,
2024-08-15 00:00:00-04:00,160.10381193490807,161.24099727999334,159.21600947445663,160.90184020996094,31524300,0.0,0.0,160.43798065185547,161.95722351074218,42.30622614709145,160.45294898813697,160.45294898813697,2.0249878055367105,2.0249878055367105,160.24512648105753,3.76069043360431,164.00581691466184,156.48443604745322,160.22850337722497,,
2024-08-16 00:00:00-04:00,161.07141184942105,164.65254626638267,160.73225479390817,162.5577392578125,24208600,0.0,0.0,160.43798065185547,161.8155731201172,57.151918863168646,162.64751343936777,162.64751343936777,3.920291472474503,3.920291472474503,160.24512648105753,3.76069043360431,164.00581691466184,156.48443604745322,162.69240053014542,,
2024-08-19 00:00:00-04:00,164.87200724527577,166.27853033162688,163.85452084013636,166.25857543945312,22416200,0.0,0.0,166.25857543945312,162.6894104003906,76.47726545876141,165.4638755370721,165.4638755370721,2.424009491490523,2.424009491490523,165.4638755370721,2.424009491490523,167.88788502856264,163.0398660455816,165.0665255858816,,
2024-08-20 00:00:00-04:00,166.48801110675902,168.2237214990038,166.4082219766287,166.76731872558594,18341500,0.0,0.0,166.25857543945312,163.2919189453125,78.39120110528297,167.13308740040614,167.13308740040614,1.8154995223750916,1.8154995223750916,165.4638755370721,2.424009491490523,167.88788502856264,163.0398660455816,167.31597173781626,,
2024-08-21 00:00:00-04:00,164.74232853471239,166.43814433776538,164.26351765512456,165.44061279296875,22902000,0.0,0.0,166.10396575927734,164.38521728515624,60.156455687230505,165.3807582619529,165.3807582619529,2.1746266826408203,2.1746266826408203,166.2569228311795,1.995063102507956,168.25198593368748,164.26185972867154,165.35083099644498,,
2024-08-22 00:00:00-04:00,166.84711081705245,167.17629803386515,162.906864492798,163.39566040039062,22493300,0.0,0.0,166.10396575927734,164.88398132324218,39.780651209601665,164.4929409756846,164.4929409756846,4.269433541067144,4.269433541067144,166.2569228311795,1.995063102507956,168.25198593368748,164.26185972867154,165.04158126333158,,
2024-08-23 00:00:00-04:00,164.31339409733906,165.7697816007338,163.42559164849283,165.21116638183594,13955700,0.0,0.0,164.30341339111328,165.41466674804687,57.8763384365037,164.80217987702085,164.80217987702085,2.3441899522409813,2.3441899522409813,164.64756042635273,3.3068117466540627,167.9543721730068,161.34074867969866,164.59768662461332,,
2024-08-26 00:00:00-04:00,165.96930557266754,167.13641566956838,164.05404680689762,165.74984741210938,14190400,0.0,0.0,164.30341339111328,165.31292114257812,62.63553607152915,165.64676996285846,165.64676996285846,3.082368862670762,3.082368862670762,164.64756042635273,3.3068117466540627,167.9543721730068,161.34074867969866,165.595231238233,,
2024-08-27 00:00:00-04:00,165.43063885798506,166.02916391355154,164.05405558398127,164.27349853515625,11821900,0.0,0.0,165.0116729736328,164.81415710449218,43.42600451200781,164.785572677563,164.785572677563,1.9751083295702756,1.9751083295702756,165.21617132021072,2.528738596120519,167.74490991633124,162.6874327240902,165.0416097487664,,
2024-08-28 00:00:00-04:00,164.63261000175098,165.19124048836477,161.13127953483584,162.44802856445312,16407400,0.0,0.0,165.0116729736328,164.21564025878905,28.167045053171226,162.92351619588456,162.92351619588456,4.059960953528929,4.059960953528929,165.21617132021072,2.528738596120519,167.74490991633124,162.6874327240902,163.1612600116003,,
2024-08-29 00:00:00-04:00,163.90441474074623,165.56032084961527,159.85443888061718,161.3806610107422,19699800,0.0,0.0,161.91434478759766,163.81264038085936,21.775743578504997,162.26514024699154,162.26514024699154,5.705881968998085,5.705881968998085,162.59432822143805,4.882921461263507,167.47724968270154,157.71140676017455,162.70737986511622,,
2024-08-30 00:00:00-04:00,162.21858134242328,163.2560227137605,161.2908842753107,162.97671508789062,22123800,0.0,0.0,161.91434478759766,163.36575012207032,47.31350748045059,162.50787402565393,162.50787402565393,1.9651384384497987,1.9651384384497987,162.59432822143805,4.882921461263507,167.47724968270154,157.71140676017455,162.2734534945356,,
2024-09-03 00:00:00-04:00,161.32081125226367,161.45049523076827,156.0937401989441,156.97157287597656,38945300,0.0,0.0,161.91434478759766,161.61009521484374,17.175149053694934,158.1719361018963,158.1719361018963,5.356755031824179,5.356755031824179,162.59432822143805,4.882921461263507,167.47724968270154,157.71140676017455,158.77211771485617,,
2024-09-04 00:00:00-04:00,156.2733005844292,158.60752082271256,155.57503152440304,156.06381225585938,19353800,0.0,0.0,156.51769256591797,159.96815795898436,15.098268184354675,156.74878820099164,156.74878820099164,3.032489298309514,3.032489298309514,157.46036215144397,4.194622165066846,161.65498431651082,153.26573998637713,157.0912761735578,,
2024-09-05 00:00:00-04:00,155.9141855757843,159.05640389536052,155.59496817105187,156.85186767578125,18688700,0.0,0.0,156.51769256591797,158.84892578125,26.17034947337997,157.1677465807312,157.1677465807312,3.461435724308643,3.461435724308643,157.46036215144397,4.194622165066846,161.65498431651082,153.26573998637713,157.32568603320618,,
2024-09-06 00:00:00-04:00,156.91171078806016,157.44040127478374,150.17837304317212,150.54745483398438,37912100,0.0,0.0,153.6996612548828,156.68228454589843,10.508496463103425,152.72207638398007,152.72207638398007,7.262028231611623,7.262028231611623,154.94491148235562,5.361731977960133,160.30664346031574,149.5831795043955,153.80938715897793,,
2024-09-09 00:00:00-04:00,152.3354019943942,153.2243825181643,147.05146466034253,148.53976440429688,39260500,0.2,0.0,153.6996612548828,153.79489440917968,8.259692635786053,149.60520386093458,149.60520386093458,6.172917857821773,6.172917857821773,154.94491148235562,5.361731977960133,160.30664346031574,149.5831795043955,150.13792358925343,,
2024-09-10 00:00:00-04:00,150.27776654607942,151.0968351518263,148.17018139774882,148.4898223876953,31118800,0.0,0.0,148.5147933959961,152.09854431152343,8.197354189238784,149.25227964575683,149.25227964575683,2.9266537540774777,2.9266537540774777,149.42874175334572,4.549785805949625,153.97852755929534,144.8789559473961,149.63350827478757,,
2024-09-11 00:00:00-04:00,149.7483678165099,151.3265608410383,147.35112146407118,150.98695373535156,29607700,0.0,0.0,148.5147933959961,151.0831726074219,40.35303512120915,149.888212013487,149.888212013487,3.9754393769671026,3.9754393769671026,149.42874175334572,4.549785805949625,153.97852755929534,144.8789559473961,149.33884115255472,,
2024-09-12 00:00:00-04:00,153.623943613462,154.64278025669208,152.4752509078758,154.51292419433594,29695000,0.0,0.0,152.74993896484375,150.61538391113282,65.0481790735114,153.8769851196346,153.8769851196346,2.167529348816288,2.167529348816288,151.8825985665608,3.0714843628916952,154.9540829294525,148.8111142036691,153.55901558228393,,
2024-09-13 00:00:00-04:00,155.25206445570748,158.19869964127616,155.0323303223496,157.27975463867188,29591200,0.0,0.0,152.74993896484375,151.96184387207032,76.12774060315665,156.83692820076587,156.83692820076587,3.16636931892657,3.16636931892657,151.8825985665608,3.0714843628916952,154.9540829294525,148.8111142036691,156.61551498181288,,
2024-09-16 00:00:00-04:00,157.12991739820077,158.06884377455685,156.42073870376782,157.87905883789062,18379800,0.0,0.0,157.87905883789062,153.82970275878907,78.26017440359423,157.45621377207178,157.45621377207178,1.648105070789029,1.648105070789029,157.45621377207178,1.648105070789029,159.1043188428608,155.80810870128275,157.24479123916234,,
2024-09-17 00:00:00-04:00,158.83795940795798,160.36620665654814,158.1986926846348,159.1376190185547,20715600,0.0,0.0,157.87905883789062,155.95926208496093,82.85482575729648,159.2341727865792,159.2341727865792,2.167513971913337,2.167513971913337,157.45621377207178,1.648105070789029,159.1043188428608,155.80810870128275,159.28244967059146,,
2024-09-18 00:00:00-04:00,159.67700574881235,160.31627251867317,158.41845358227067,159.62705993652344,23677300,0.0,0.0,159.38233947753906,157.68728332519532,84.65639947195372,159.45392867915575,159.45392867915575,1.8978189364025013,1.8978189364025013,159.34405073286746,2.032666454157919,161.37671718702538,157.31138427870954,159.3673630504719,,
2024-09-19 00:00:00-04:00,163.52260155578028,163.602496564332,161.15530422207948,161.9543914794922,26587700,0.0,0.0,159.38233947753906,159.17557678222656,91.04697414422408,162.2373974219679,162.2373974219679,2.447192342252521,2.447192342252521,159.34405073286746,2.032666454157919,161.37671718702538,157.31138427870954,162.37890039320575,,
2024-09-20 00:00:00-04:00,163.31283190595235,163.5425643438158,161.87447792027933,163.40272521972656,40896400,0.0,0.0,162.67855834960938,160.4001708984375,93.4662585576185,162.93992249460723,162.93992249460723,1.6680864235364652,1.6680864235364652,162.58865995828756,2.057639382894493,164.64629934118204,160.5310205753931,162.70852113204757,,
2024-09-23 00:00:00-04:00,164.16185660339156,165.30055091054933,161.4849167682097,161.6647186279297,24150900,0.0,0.0,162.67855834960938,161.1573028564453,63.87642968217227,162.81672876889624,162.81672876889624,3.8156341423396327,3.8156341423396327,162.58865995828756,2.057639382894493,164.64629934118204,160.5310205753931,163.3927338393795,,
2024-09-24 00:00:00-04:00,162.84336059885683,163.03314552379246,160.50604310941137,162.1042022705078,23332100,0.0,0.0,161.88446044921875,161.75061950683593,67.58362370687976,161.88113030123722,161.88113030123722,2.5271024143810905,2.5271024143810905,162.34892953506673,3.1713682783603616,165.52029781342708,159.17756125670638,161.7695943166019,,
2024-09-25 00:00:00-04:00,161.28514863352729,162.62361092925534,161.11534508030692,161.3051300048828,18869200,0.0,0.0,161.88446044921875,162.08623352050782,53.35985733503884,161.681362004815,161.681362004815,1.5082658489484118,1.5082658489484118,162.34892953506673,3.1713682783603616,165.52029781342708,159.17756125670638,161.86947800478112,,
2024-09-26 00:00:00-04:00,163.4526630547652,163.89216177797897,162.0942193836139,162.543701171875,20319300,0.0,0.0,161.9244155883789,162.20409545898437,68.18600248008431,162.84336077782262,162.84336077782262,1.7979423943650659,1.7979423943650659,162.26236139131882,1.6531041216567388,163.91546551297557,160.60925726966207,162.99319058079644,,
2024-09-27 00:00:00-04:00,162.6236194767887,165.51031051590132,162.44383284910126,163.76231384277344,21101300,0.0,0.0,161.9244155883789,162.27601318359376,78.01081378602804,163.90548573592534,163.90548573592534,3.0664776668000684,3.0664776668000684,162.26236139131882,1.6531041216567388,163.91546551297557,160.60925726966207,163.97707168250128,,
2024-09-30 00:00:00-04:00,163.1330385549028,165.9597853581085,163.0730944402025,165.66014099121094,20413900,0.0,0.0,165.66014099121094,163.07509765625,86.96602439980012,164.8976735965073,164.8976735965073,2.8866909179059803,2.8866909179059803,164.8976735965073,2.8866909179059803,167.78436451441328,162.01098267860132,164.5164398991555,,
2024-10-01 00:00:00-04:00,167.49803900926474,168.9663574434244,164.39159857770997,166.79884338378906,28338100,0.0,0.0,165.66014099121094,164.01402587890624,90.33860319381894,166.7189331349745,166.7189331349745,4.574758865714443,4.574758865714443,164.8976735965073,2.8866909179059803,167.78436451441328,162.01098267860132,166.6789780105672,,
2024-10-02 00:00:00-04:00,166.22949200998104,167.32823890222443,164.54142416704428,165.67013549804688,17760200,0.0,0.0,166.23448944091797,164.88702697753905,66.11419394760583,165.84659952243854,165.84659952243854,2.786814735180144,2.786814735180144,166.28276632870651,3.6807868004472937,169.9635531291538,162.60197952825922,165.93483153463436,,
2024-10-03 00:00:00-04:00,164.22179840650557,166.4492413884297,163.73235383790225,165.67013549804688,15073100,0.0,0.0,166.23448944091797,165.51231384277344,66.11419394760583,165.2839102414596,165.2839102414596,2.7168875505274457,2.7168875505274457,166.28276632870651,3.6807868004472937,169.9635531291538,162.60197952825922,165.090797613166,,
2024-10-04 00:00:00-04:00,167.8676144263969,168.03741799352926,165.29056599793975,166.86875915527344,19047400,0.0,0.0,166.26944732666016,166.13360290527345,78.56882763346758,166.73224771558083,166.73224771558083,2.746851995589509,2.746851995589509,166.00807897852022,2.7318697730584773,168.7399487515787,163.27620920546173,166.6639919957345,,
2024-10-07 00:00:00-04:00,167.52800594767675,168.2871304607625,162.56369407072728,162.79342651367188,22463100,0.0,0.0,166.26944732666016,165.5602600097656,28.209051142491347,164.54808368172056,164.54808368172056,5.723436390035232,5.723436390035232,166.00807897852022,2.7318697730584773,168.7399487515787,163.27620920546173,165.4254122657449,,
2024-10-08 00:00:00-04:00,163.75233474045888,164.54142369438745,162.68355229004484,164.19183349609375,23072700,0.0,0.0,163.4926300048828,165.03885803222656,45.3728839393044,163.80560316017534,163.80560316017534,1.8578714043426032,1.8578714043426032,164.17684342094793,3.7906538971889177,167.96749731813685,160.38618952375901,163.61248799221613,,
2024-10-09 00:00:00-04:00,163.26288934163853,164.65129754460094,159.5571448589351,161.67471313476562,31181800,0.0,0.0,163.4926300048828,164.23977355957032,28.09856135866414,161.96105184610056,161.96105184610056,5.094152685665847,5.094152685665847,164.17684342094793,3.7906538971889177,167.96749731813685,160.38618952375901,162.104221201768,,
2024-10-10 00:00:00-04:00,160.6858334406201,162.88332710504665,160.21637027061266,161.8944549560547,14144100,0.0,0.0,161.78458404541016,163.48463745117186,31.357731019160344,161.66471744390466,161.66471744390466,2.6669568344339893,2.6669568344339893,161.8128846450026,3.880554760049918,165.69343940505252,157.9323298849527,161.54984868782964,,
2024-10-11 00:00:00-04:00,161.94440120303656,163.7123639633056,161.05542066959453,163.05313110351562,15344300,0.0,0.0,161.78458404541016,162.7215118408203,48.82960429508067,162.60697191213856,162.60697191213856,2.656943293711066,2.656943293711066,161.8128846450026,3.880554760049918,165.69343940505252,157.9323298849527,162.38389231645004,,
2024-10-14 00:00:00-04:00,163.45266773305087,166.03969909717978,163.21293699316715,164.7711639404297,19016100,0.0,0.0,164.7711639404297,163.11705932617187,66.75437733207106,164.67460001025887,164.67460001025887,2.82676210401263,2.82676210401263,164.67460001025887,2.82676210401263,167.5013621142715,161.84783790624624,164.62631804517346,,
2024-10-15 00:00:00-04:00,165.6002081913426,167.48804403838992,164.44154766375664,165.27059936523438,20247200,0.0,0.0,164.7711639404297,163.3328125,70.97653114630343,165.7333970224603,165.7333970224603,3.0464963746332785,3.0464963746332785,164.67460001025887,2.82676210401263,167.5013621142715,161.84783790624624,165.9647958510733,,
2024-10-16 00:00:00-04:00,164.34164834019793,165.61019873881125,163.55255942155696,164.97093200683594,16406000,0.0,0.0,165.12076568603516,163.99205627441407,64.00865623871933,164.71123005573472,164.71123005573472,2.057639317254285,2.057639317254285,165.2223135390975,2.5520678459437818,167.7743813850413,162.67024569315373,164.5813790801841,,
2024-10-17 00:00:00-04:00,165.54026682623436,166.179533539939,162.5736656844729,162.74346923828125,21453400,0.0,0.0,165.12076568603516,164.16185913085937,31.33903244873057,163.83222282089773,163.83222282089773,3.6058678554661014,3.6058678554661014,165.2223135390975,2.5520678459437818,167.7743813850413,162.67024569315373,164.37659961220595,,
2024-10-18 00:00:00-04:00,163.0031929718876,164.52145724074808,162.89331828319396,163.23292541503906,19757700,0.0,0.0,162.98819732666016,164.19781799316405,40.82062177907701,163.54923364632702,163.54923364632702,1.628138957554114,1.628138957554114,163.6907282336124,2.6170034065101078,166.30773164012248,161.0737248271023,163.707387761971,,
2024-10-21 00:00:00-04:00,162.76345865438103,164.3116873279236,162.43383459552447,163.88218688964844,20946500,0.0,0.0,162.98819732666016,164.0200225830078,53.09496956003861,163.54256960436553,163.54256960436553,1.877852732399134,1.877852732399134,163.6907282336124,2.6170034065101078,166.30773164012248,161.0737248271023,163.37276096172405,,
2024-10-22 00:00:00-04:00,162.79342721641044,165.5802419476502,162.79342721641044,164.95095825195312,16568100,0.0,0.0,164.41657257080078,163.95609436035156,68.47245478286067,164.44154247200458,164.44154247200458,2.786814731239758,2.786814731239758,163.99205603818507,2.332333731819446,166.32438977000453,161.6597223063656,164.18683458203031,,
2024-10-23 00:00:00-04:00,164.57138759989343,165.63018698109346,161.74462537741965,162.59365844726562,18280500,0.0,0.0,164.41657257080078,163.4806396484375,33.68059583622687,163.32282360192625,163.32282360192625,3.885561603673807,3.885561603673807,163.99205603818507,2.332333731819446,166.32438977000453,161.6597223063656,163.68740617925656,,
2024-10-24 00:00:00-04:00,162.64359660721192,163.14302421507978,160.82567279873874,162.53372192382812,22412500,0.0,0.0,162.56369018554688,163.43869018554688,33.07024735583221,162.16747297921555,162.16747297921555,2.3173514163410402,2.3173514163410402,162.7451482905709,3.1014565100074236,165.84660480057835,159.64369178056347,161.98434850690927,,
2024-10-25 00:00:00-04:00,163.48263605894513,165.4004362996681,163.2329222477887,165.080810546875,19828900,0.0,0.0,162.56369018554688,163.80826721191406,68.1309911829942,164.5713896981106,164.5713896981106,2.1675140518793796,2.1675140518793796,162.7451482905709,3.1014565100074236,165.84660480057835,159.64369178056347,164.3166792737284,,
2024-10-28 00:00:00-04:00,168.55681917401554,168.55681917401554,163.76231104702376,166.52914428710938,32138600,0.0,0.0,166.52914428710938,164.33765869140626,77.6440715954557,166.2827581693829,166.2827581693829,4.794508126991786,4.794508126991786,166.2827581693829,4.794508126991786,171.0772662963747,161.48825004239112,166.15956511051965,,
2024-10-29 00:00:00-04:00,167.5379836387061,170.18495914581706,166.89871690047832,169.48574829101562,42169000,0.0,0.0,166.52914428710938,165.24461669921874,88.04828577974747,168.85647477910368,168.85647477910368,3.286242245338741,3.286242245338741,166.2827581693829,4.794508126991786,171.0772662963747,161.48825004239112,168.5418380231477,,
2024-10-30 00:00:00-04:00,180.47314972890098,181.8116272766613,173.86073320012326,174.26028442382812,68890800,0.0,0.0,171.87301635742188,167.57794189453125,94.23634550411971,176.6442149668709,176.6442149668709,7.950894076538049,7.950894076538049,172.75034487298728,5.618568160938395,178.36891303392568,167.1317767120489,177.83618023839227,,
2024-10-31 00:00:00-04:00,172.93181542068857,176.61759375547854,170.80424884729752,170.91412353515625,44769000,0.0,0.0,171.87301635742188,169.25402221679687,62.064052246294665,172.77865537931075,172.77865537931075,5.813344908181023,5.813344908181023,172.75034487298728,5.618568160938395,178.36891303392568,167.1317767120489,173.71092130138803,,
2024-11-01 00:00:00-04:00,169.87531325104803,172.1227374784499,168.68667310994414,171.09390258789062,31796500,0.0,0.0,171.00401306152344,170.456640625,63.03272101372056,170.63443772542823,170.63443772542823,3.436064368505754,3.436064368505754,171.7065465523695,4.624704638343388,176.3312511907129,167.0818419140261,170.40470529419702,,
2024-11-04 00:00:00-05:00,169.7354619545759,170.53454918701203,167.81766174152193,169.0462646484375,21492700,0.0,0.0,171.00401306152344,170.96006469726564,44.53127934670754,169.13282519232382,169.13282519232382,2.7168874454901015,2.7168874454901015,171.7065465523695,4.624704638343388,176.3312511907129,167.0818419140261,169.17610546426698,,
2024-11-05 00:00:00-05:00,169.2360421349021,170.33478903527796,168.64672117984685,169.5457000732422,18242100,0.0,0.0,169.29598236083984,170.97205505371093,49.67794568296269,169.50907009612231,169.50907009612231,1.6880678554311146,1.6880678554311146,169.32094764422305,2.202477650460608,171.52342529468365,167.11846999376246,169.4907551075624,,
2024-11-06 00:00:00-05:00,173.60104838470335,176.73745331219902,173.30138875645662,176.3079376220703,33695500,0.0,0.0,169.29598236083984,171.38158569335937,81.99372895175325,175.44892656357533,175.44892656357533,3.436064555742405,3.436064555742405,169.32094764422305,2.202477650460608,171.52342529468365,167.11846999376246,175.01942103432782,,
2024-11-07 00:00:00-05:00,177.20691786224168,180.87271488977294,176.9871684826014,180.5430908203125,25352900,0.0,0.0,178.4255142211914,173.30737915039063,88.56426756516663,179.4676580642289,179.4676580642289,3.885546407171546,3.885546407171546,177.45829231390212,3.6608054814569755,181.1190977953591,173.79748683244514,178.92994168618716,,
2024-11-08 00:00:00-05:00,180.44319843386418,180.69291225137096,177.87614831538193,178.14584350585938,22006200,0.0,0.0,178.4255142211914,174.71776733398437,68.385777921251,178.9049680242041,178.9049680242041,2.81676393598903,2.81676393598903,177.45829231390212,3.6608054814569755,181.1190977953591,173.79748683244514,179.28453028337645,,
2024-11-11 00:00:00-05:00,178.37557658568522,180.3433226939525,178.26570189593804,180.1435546875,17450400,0.0,0.0,180.1435546875,176.93722534179688,75.13117117146213,179.5841930924635,179.5841930924635,2.0776207980144648,2.0776207980144648,179.5841930924635,2.0776207980144648,181.66181389047796,177.50657229444903,179.30451229494525,,
2024-11-12 00:00:00-05:00,179.61415166757834,182.28109325658866,179.18463600062077,181.41207885742188,25134900,0.0,0.0,180.1435546875,179.3105010986328,79.16397930332822,180.95926937154377,180.95926937154377,3.0964572559678913,3.0964572559678913,179.5841930924635,2.0776207980144648,181.66181389047796,177.50657229444903,180.73286462860472,,
2024-11-13 00:00:00-05:00,180.25342505699032,180.75285268181247,178.3356095653103,178.67523193359375,23184000,0.0,0.0,180.0436553955078,179.7839599609375,52.78263123090162,179.25456472690553,179.25456472690553,2.4172431165021635,2.4172431165021635,180.10691704922465,2.7568501862350274,182.86376723545968,177.35006686298962,179.5442311235614,,
2024-11-14 00:00:00-05:00,178.0759037938209,178.6152941368307,174.12044573791286,175.37899780273438,31007500,0.0,0.0,180.0436553955078,178.7511413574219,33.547390777441485,176.03824589249265,176.03824589249265,4.4948483989178385,4.4948483989178385,180.10691704922465,2.7568501862350274,182.86376723545968,177.35006686298962,176.36786993737178,,
2024-11-15 00:00:00-05:00,173.5311122159291,173.9406465119526,171.02399111342126,172.29254150390625,32504600,0.0,0.0,173.8357696533203,177.58048095703126,22.55327614047,172.41905970976003,172.41905970976003,2.916655398531333,2.916655398531333,174.22865280112634,3.7057518987245857,177.93440469985092,170.52290090240177,172.4823188126869,,
2024-11-18 00:00:00-05:00,173.2214668063966,175.23915857623498,172.70205783527248,175.0993194580078,20206600,0.0,0.0,173.8357696533203,176.5716339111328,45.67988961217624,174.3468452898384,174.3468452898384,2.537100740962501,2.537100740962501,174.22865280112634,3.7057518987245857,177.93440469985092,170.52290090240177,173.97060820575373,,
2024-11-19 00:00:00-05:00,173.52113492372038,178.66523335503967,173.3613144261031,177.9160919189453,23434900,0.0,0.0,176.50770568847656,175.8724365234375,61.963618283693876,176.64754656669604,176.64754656669604,5.303918928936582,5.303918928936582,175.49719592826722,3.9205098349495415,179.41770576321676,171.57668609331768,176.01327389057138,,
2024-11-20 00:00:00-05:00,177.13697761802752,177.47658472831748,173.58105554247194,175.77853393554688,18997100,0.0,0.0,176.50770568847656,175.29309692382813,46.7655772946732,175.61205806877877,175.61205806877877,3.8955291858455325,3.8955291858455325,175.49719592826722,3.9205098349495415,179.41770576321676,171.57668609331768,175.5288201353947,,
2024-11-21 00:00:00-05:00,173.70092179220046,173.93066947333787,163.51260129552495,167.4381103515625,59734400,0.0,0.0,171.6083221435547,173.70491943359374,19.755888733841985,168.29379370680843,168.29379370680843,10.418068177812927,10.418068177812927,171.95292588779358,7.15679868182923,179.1097245696228,164.79612720596435,168.7216353844314,Yes,
2024-11-22 00:00:00-05:00,165.66014438880168,166.26944668285782,163.7123645160949,164.57138061523438,38604600,0.0,0.0,171.6083221435547,172.1606872558594,15.391097552262552,164.85106393806237,164.85106393806237,2.5570821667629104,2.5570821667629104,171.95292588779358,7.15679868182923,179.1097245696228,164.79612720596435,164.99090559947638,,
2024-11-25 00:00:00-05:00,165.8998571680873,168.43695792128977,165.4204109377555,167.45806884765625,33135300,0.0,0.0,167.45806884765625,170.63243713378907,35.79634060882333,167.10514590223383,167.10514590223383,3.0165469835342833,3.0165469835342833,167.10514590223383,3.0165469835342833,170.1216928857681,164.08859891869955,166.92868442952263,,
2024-11-26 00:00:00-05:00,167.43810706347386,169.62560245554164,167.38816125371517,168.9263916015625,20486700,0.0,0.0,167.45806884765625,168.8344970703125,45.37004775933464,168.64671843693978,168.64671843693978,2.2374412018264707,2.2374412018264707,167.10514590223383,3.0165469835342833,170.1216928857681,164.08859891869955,168.5068818546284,,
2024-11-27 00:00:00-05:00,168.80653770105775,169.28598395476882,167.8276638210122,169.03627014160156,19266500,0.0,0.0,168.98133087158203,167.48604431152344,46.22723565793051,168.7166393057942,168.7166393057942,1.4583201337566152,1.4583201337566152,168.68167887136698,1.847880667791543,170.52955953915853,166.83379820357544,168.55682388789052,,
2024-11-29 00:00:00-05:00,168.30710998168675,169.236038050321,166.96864760176737,168.756591796875,14257200,0.0,0.0,168.756591796875,167.74974060058594,43.73210380216783,168.32042581632115,168.32042581632115,2.267390448553641,2.267390448553641,168.32042581632115,2.267390448553641,170.5878162648748,166.0530353677675,168.1023428260442,,
2024-12-02 00:00:00-05:00,168.5767985152317,171.88300683066288,168.37703052095557,171.29368591308594,23789100,0.0,0.0,168.756591796875,169.09420166015624,66.8911092667332,170.51790775490147,170.51790775490147,3.5059763097073073,3.5059763097073073,168.32042581632115,2.267390448553641,170.5878162648748,166.0530353677675,170.13001867580923,,
2024-12-03 00:00:00-05:00,171.29368202779142,172.4823069012363,170.65441531581507,171.1438446044922,22248700,0.0,0.0,171.21876525878906,169.83135681152345,64.64619812447387,171.42685560718118,171.42685560718118,1.8278915854212414,1.8278915854212414,170.97238168104133,2.6669339475642744,173.6393156286056,168.30544773347705,171.5683611085257,,
2024-12-04 00:00:00-05:00,170.95406461457648,174.70976999200622,170.86417130279446,174.17037963867188,31615100,0.0,0.0,171.21876525878906,170.88015441894532,82.03915928627376,173.24810697782416,173.24810697782416,3.845598689211755,3.845598689211755,170.97238168104133,2.6669339475642744,173.6393156286056,168.30544773347705,172.78697064740032,,
2024-12-05 00:00:00-05:00,175.15925501840792,175.858450636237,172.13272486876673,172.44236755371094,21356200,0.0,0.0,173.3063735961914,171.56137390136718,58.546145212017855,173.47784768623822,173.47784768623822,3.7257257674702657,3.7257257674702657,173.3629773320312,3.7856622283410104,177.1486395603722,169.57731510369018,173.99558775250188,,
2024-12-06 00:00:00-05:00,171.83306973436635,174.8795813358406,171.6632661685559,174.510009765625,21462400,0.0,0.0,173.3063735961914,172.7120574951172,72.16918524330677,173.68428575667383,173.68428575667383,3.216315167284705,3.216315167284705,173.3629773320312,3.7856622283410104,177.1486395603722,169.57731510369018,173.27142375219825,,
2024-12-09 00:00:00-05:00,173.9600067138672,176.25999450683594,173.64999389648438,175.3699951171875,25389600,0.2,0.0,175.3699951171875,173.5273193359375,76.71579911338699,175.09332784016928,175.09332784016928,2.6100006103515625,2.6100006103515625,175.09332784016928,2.6100006103515625,177.70332845052084,172.48332722981772,174.95499420166016,,
2024-12-10 00:00:00-05:00,182.85000610351562,186.36000061035156,181.0500030517578,185.1699981689453,54813000,0.0,0.0,175.3699951171875,176.33255004882812,93.63731953468879,184.1933339436849,184.1933339436849,5.30999755859375,5.30999755859375,175.09332784016928,2.6100006103515625,177.70332845052084,172.48332722981772,183.7050018310547,,
2024-12-11 00:00:00-05:00,185.30999755859375,195.61000061035156,184.85000610351562,195.39999389648438,67894100,0.0,0.0,190.28499603271484,180.57847290039064,96.94652456825254,191.95333353678384,191.95333353678384,10.759994506835938,10.759994506835938,188.07333374023438,8.034996032714844,196.10832977294922,180.03833770751953,190.2300033569336,,
2024-12-12 00:00:00-05:00,195.0,195.17999267578125,191.7100067138672,191.9600067138672,34817500,0.0,0.0,190.28499603271484,184.48200073242188,77.56697246238154,192.95000203450522,192.95000203450522,3.4699859619140625,3.4699859619140625,188.07333374023438,8.034996032714844,196.10832977294922,180.03833770751953,193.44499969482422,,
2024-12-13 00:00:00-05:00,191.00999450683594,192.72999572753906,189.63999938964844,189.82000732421875,25143500,0.0,0.0,190.89000701904297,187.54400024414062,65.86578017308715,190.7300008138021,190.7300008138021,3.089996337890625,3.089996337890625,191.84000142415366,3.2799911499023438,195.119992574056,188.5600102742513,191.18499755859375,,
2024-12-16 00:00:00-05:00,192.8699951171875,199.0,192.6199951171875,196.66000366210938,44934900,0.0,0.0,190.89000701904297,191.802001953125,79.7879669337317,196.09333292643228,196.09333292643228,6.3800048828125,6.3800048828125,191.84000142415366,3.2799911499023438,195.119992574056,188.5600102742513,195.80999755859375,,
2024-12-17 00:00:00-05:00,197.25,201.4199981689453,194.97999572753906,195.4199981689453,43504000,0.0,0.0,196.04000091552734,193.852001953125,72.16516265638559,197.27333068847656,197.27333068847656,6.44000244140625,6.44000244140625,196.6833318074544,6.410003662109375,203.09333546956378,190.27332814534503,198.1999969482422,,
2024-12-18 00:00:00-05:00,195.22000122070312,197.0,187.74000549316406,188.39999389648438,34166100,0.0,0.0,196.04000091552734,192.452001953125,40.70990747889088,191.04666646321616,191.04666646321616,9.259994506835938,9.259994506835938,196.6833318074544,6.410003662109375,203.09333546956378,190.27332814534503,192.37000274658203,,
2024-12-19 00:00:00-05:00,191.6300048828125,193.02999877929688,188.3800048828125,188.50999450683594,32265200,0.0,0.0,188.45499420166016,191.76199951171876,41.282822837565234,189.97333272298178,189.97333272298178,4.649993896484375,4.649993896484375,190.50999959309897,6.954994201660156,197.46499379475912,183.5550053914388,190.7050018310547,,
2024-12-20 00:00:00-05:00,185.77999877929688,192.88999938964844,185.22000122070312,191.41000366210938,63462900,0.0,0.0,188.45499420166016,192.0799987792969,56.94991992015327,189.84000142415366,189.84000142415366,7.6699981689453125,7.6699981689453125,190.50999959309897,6.954994201660156,197.46499379475912,183.5550053914388,189.05500030517578,,
2024-12-23 00:00:00-05:00,192.6199951171875,195.10000610351562,190.14999389648438,194.6300048828125,25675000,0.0,0.0,194.6300048828125,191.6739990234375,69.75196102417254,193.2933349609375,193.2933349609375,4.95001220703125,4.95001220703125,193.2933349609375,4.95001220703125,198.24334716796875,188.34332275390625,192.625,,
2024-12-24 00:00:00-05:00,194.83999633789062,196.11000061035156,193.77999877929688,196.11000061035156,10403300,0.0,0.0,194.6300048828125,191.81199951171874,74.69332387576742,195.33333333333334,195.33333333333334,2.3300018310546875,2.3300018310546875,193.2933349609375,4.95001220703125,198.24334716796875,188.34332275390625,194.94499969482422,,
2024-12-26 00:00:00-05:00,195.14999389648438,196.75,194.3800048828125,195.60000610351562,12046600,0.0,0.0,194.6300048828125,193.252001953125,69.13368924120327,195.57667032877603,195.57667032877603,2.3699951171875,2.3699951171875,193.2933349609375,4.95001220703125,198.24334716796875,188.34332275390625,195.56500244140625,,
2024-12-27 00:00:00-05:00,194.9499969482422,195.32000732421875,190.64999389648438,192.75999450683594,18891400,0.0,0.0,194.18000030517578,194.102001953125,43.42199058127637,192.90999857584634,192.90999857584634,4.670013427734375,4.670013427734375,194.2433344523112,3.5200042724609375,197.76333872477213,190.72333017985025,192.98500061035156,,
2024-12-30 00:00:00-05:00,189.8000030517578,192.5500030517578,189.1199951171875,191.24000549316406,14264700,0.0,0.0,194.18000030517578,194.06800231933593,33.80835988918262,190.97000122070312,190.97000122070312,3.4300079345703125,3.4300079345703125,194.2433344523112,3.5200042724609375,197.76333872477213,190.72333017985025,190.83499908447266,,
2024-12-31 00:00:00-05:00,191.0800018310547,191.9600067138672,188.50999450683594,189.3000030517578,17466900,0.0,0.0,190.27000427246094,193.002001953125,24.08545004006535,189.92333475748697,189.92333475748697,3.45001220703125,3.45001220703125,190.44666798909503,3.4400100708007812,193.88667805989581,187.00665791829425,190.23500061035156,,
2025-01-02 00:00:00-05:00,190.64999389648438,192.0,187.5,189.42999267578125,20370800,0.0,0.0,189.42999267578125,191.66600036621094,26.119266354436345,189.6433308919271,189.6433308919271,4.5,4.5,189.6433308919271,4.5,194.1433308919271,185.1433308919271,189.75,,
2025-01-03 00:00:00-05:00,191.3699951171875,193.2100067138672,189.97999572753906,191.7899932861328,18596200,0.0,0.0,189.42999267578125,190.90399780273438,56.408731300133006,191.65999857584634,191.65999857584634,3.230010986328125,3.230010986328125,189.6433308919271,4.5,194.1433308919271,185.1433308919271,191.59500122070312,,
2025-01-06 00:00:00-05:00,193.97999572753906,198.22000122070312,193.85000610351562,196.8699951171875,29563600,0.0,0.0,196.8699951171875,191.7259979248047,80.71785887851722,196.3133341471354,196.3133341471354,4.3699951171875,4.3699951171875,196.3133341471354,4.3699951171875,200.6833292643229,191.9433390299479,196.03500366210938,,
2025-01-07 00:00:00-05:00,197.11000061035156,201.0,194.60000610351562,195.49000549316406,26487200,0.0,0.0,196.8699951171875,192.57599792480468,66.35726898907808,197.0300038655599,197.0300038655599,6.399993896484375,6.399993896484375,196.3133341471354,4.3699951171875,200.6833292643229,191.9433390299479,197.8000030517578,,
2025-01-08 00:00:00-05:00,192.57000732421875,196.2899932861328,192.3800048828125,193.9499969482422,24864800,0.0,0.0,194.72000122070312,193.50599670410156,51.69501911998529,194.2066650390625,194.2066650390625,3.9099884033203125,3.9099884033203125,195.61833445231122,5.154991149902344,200.77332560221356,190.46334330240887,194.33499908447266,,
2025-01-10 00:00:00-05:00,194.3000030517578,196.52000427246094,190.30999755859375,192.0399932861328,26665200,0.0,0.0,192.0399932861328,194.0279968261719,37.1507301286701,192.9566650390625,192.9566650390625,6.2100067138671875,6.2100067138671875,192.9566650390625,6.2100067138671875,199.1666717529297,186.7466583251953,193.41500091552734,,
2025-01-13 00:00:00-05:00,190.07000732421875,191.17999267578125,187.36000061035156,191.00999450683594,21823700,0.0,0.0,192.0399932861328,193.8719970703125,30.532891168229625,189.8499959309896,189.8499959309896,3.8199920654296875,3.8199920654296875,192.9566650390625,6.2100067138671875,199.1666717529297,186.7466583251953,189.2699966430664,,
2025-01-14 00:00:00-05:00,191.24000549316406,191.97999572753906,188.30999755859375,189.66000366210938,17174900,0.0,0.0,190.33499908447266,192.42999877929688,22.89615916635158,189.98333231608072,189.98333231608072,3.6699981689453125,3.6699981689453125,189.91666412353516,3.7449951171875,193.66165924072266,186.17166900634766,190.1449966430664,,
2025-01-15 00:00:00-05:00,193.08999633789062,196.36000061035156,191.86000061035156,195.5500030517578,21776000,0.0,0.0,190.33499908447266,192.44199829101564,69.86869254956144,194.59000142415366,194.59000142415366,4.5,4.5,189.91666412353516,3.7449951171875,193.66165924072266,186.17166900634766,194.11000061035156,,
2025-01-16 00:00:00-05:00,194.13999938964844,195.47999572753906,192.80999755859375,192.91000366210938,17815400,0.0,0.0,194.2300033569336,192.23399963378907,50.26219697194886,193.73333231608072,193.73333231608072,2.6699981689453125,2.6699981689453125,194.1616668701172,3.5849990844726562,197.74666595458984,190.57666778564453,194.1449966430664,,
2025-01-17 00:00:00-05:00,196.52999877929688,197.22999572753906,193.75,196.0,27735100,0.0,0.0,194.2300033569336,193.0260009765625,66.14672080384867,195.65999857584634,195.65999857584634,3.4799957275390625,3.4799957275390625,194.1616668701172,3.5849990844726562,197.74666595458984,190.57666778564453,195.48999786376953,,
2025-01-21 00:00:00-05:00,199.07000732421875,202.2899932861328,197.8699951171875,198.0500030517578,29971300,0.0,0.0,194.2300033569336,194.4340026855469,74.01262313866552,199.40333048502603,199.40333048502603,4.4199981689453125,4.4199981689453125,194.1616668701172,3.5849990844726562,197.74666595458984,190.57666778564453,200.07999420166016,,
2025-01-22 00:00:00-05:00,199.05999755859375,200.47999572753906,197.52999877929688,198.3699951171875,26171600,0.0,0.0,198.20999908447266,196.1760009765625,75.29276644428708,198.79332987467447,198.79332987467447,2.9499969482421875,2.9499969482421875,199.09833017985025,3.68499755859375,202.783327738444,195.4133326212565,199.00499725341797,,
