Date,Open,High,Low,Close,Volume,Dividends,Stock Splits,Average_close,Moving_Average,RSI alpha=0.08,Median,Signal_by_High_Low_2.0%,Signal_by_Close_2.0%
2024-01-02 00:00:00-05:00,250.0800018310547,251.25,244.41000366210938,248.4199981689453,104654200,0.0,0.0,248.4199981689453,,,247.8300018310547,,
2024-01-03 00:00:00-05:00,244.97999572753906,245.67999267578125,236.32000732421875,238.4499969482422,121082600,0.0,0.0,248.4199981689453,,0.0,241.0,,
2024-01-04 00:00:00-05:00,239.25,242.6999969482422,237.72999572753906,237.92999267578125,102629300,0.0,0.0,248.4199981689453,,0.0,240.21499633789062,,
2024-01-05 00:00:00-05:00,236.86000061035156,240.1199951171875,234.89999389648438,237.49000549316406,92379400,0.0,0.0,237.9566650390625,,0.0,237.50999450683594,,
2024-01-08 00:00:00-05:00,236.13999938964844,241.25,235.3000030517578,240.4499969482422,85166600,0.0,0.0,240.4499969482422,240.547998046875,2.9350751570790385,238.2750015258789,,
2024-01-09 00:00:00-05:00,238.11000061035156,238.9600067138672,232.0399932861328,234.9600067138672,96705700,0.0,0.0,240.4499969482422,237.8559997558594,2.771104756540325,235.5,,
2024-01-10 00:00:00-05:00,235.10000610351562,235.5,231.2899932861328,233.94000244140625,91628500,0.0,0.0,240.4499969482422,236.9540008544922,2.740189741735825,233.3949966430664,,
2024-01-11 00:00:00-05:00,230.57000732421875,230.92999267578125,225.3699951171875,227.22000122070312,105873600,0.0,0.0,232.04000345865884,234.81200256347657,2.537469601964841,228.14999389648438,,
2024-01-12 00:00:00-05:00,220.0800018310547,225.33999633789062,217.14999389648438,218.88999938964844,122889000,0.0,0.0,232.04000345865884,231.09200134277344,2.3074636634740178,221.2449951171875,,
2024-01-16 00:00:00-05:00,215.10000610351562,223.49000549316406,212.17999267578125,219.91000366210938,115355000,0.0,0.0,232.04000345865884,226.98400268554687,3.4720199543353716,217.83499908447266,Yes,
2024-01-17 00:00:00-05:00,214.86000061035156,215.6699981689453,212.00999450683594,215.5500030517578,103164400,0.0,0.0,217.7300033569336,223.102001953125,3.2898121667133933,213.83999633789062,,
2024-01-18 00:00:00-05:00,216.8800048828125,217.4499969482422,208.74000549316406,211.8800048828125,108595400,0.0,0.0,217.7300033569336,218.69000244140625,3.1390890624075927,213.09500122070312,Yes,
2024-01-19 00:00:00-05:00,209.99000549316406,213.19000244140625,207.55999755859375,212.19000244140625,102095800,0.0,0.0,217.7300033569336,215.6840026855469,3.5448207049527523,210.375,,
2024-01-22 00:00:00-05:00,212.25999450683594,217.8000030517578,206.27000427246094,208.8000030517578,117952500,0.0,0.0,217.7300033569336,213.66600341796874,3.3766944226652433,212.03500366210938,Yes,
2024-01-23 00:00:00-05:00,211.3000030517578,215.64999389648438,207.75,209.13999938964844,106605900,0.0,0.0,208.97000122070312,211.51200256347656,3.873710351152567,211.6999969482422,,
2024-01-24 00:00:00-05:00,211.8800048828125,212.72999572753906,206.77000427246094,207.8300018310547,123369900,0.0,0.0,208.97000122070312,209.96800231933594,3.7920206090563306,209.75,,
2024-01-25 00:00:00-05:00,189.6999969482422,193.0,180.05999755859375,182.6300048828125,198076800,0.0,0.0,208.97000122070312,204.11800231933594,2.63162410602243,186.52999877929688,Yes,Yes
2024-01-26 00:00:00-05:00,185.5,186.77999877929688,182.10000610351562,183.25,107343200,0.0,0.0,191.2366689046224,198.3300018310547,3.4219642545698323,184.44000244140625,,
2024-01-29 00:00:00-05:00,185.6300048828125,191.47999572753906,183.6699981689453,190.92999267578125,125013100,0.0,0.0,190.92999267578125,194.75599975585936,12.937079621149742,187.5749969482422,Yes,
2024-01-30 00:00:00-05:00,195.3300018310547,196.36000061035156,190.61000061035156,191.58999633789062,109982300,0.0,0.0,190.92999267578125,191.24599914550782,13.731020317210177,193.48500061035156,,
2024-01-31 00:00:00-05:00,187.0,193.97000122070312,185.85000610351562,187.2899932861328,103221400,0.0,0.0,190.92999267578125,187.13799743652345,12.898078907342994,189.91000366210938,Yes,
2024-02-01 00:00:00-05:00,188.5,189.8800048828125,184.27999877929688,188.86000061035156,91843300,0.0,0.0,189.24666341145834,188.38399658203124,14.945715705520799,187.0800018310547,,
2024-02-02 00:00:00-05:00,185.0399932861328,188.69000244140625,182.0,187.91000366210938,110505100,0.0,0.0,189.24666341145834,189.3159973144531,14.718147777446822,185.34500122070312,,
2024-02-05 00:00:00-05:00,184.25999450683594,184.67999267578125,175.00999450683594,181.05999755859375,134294400,0.0,0.0,189.24666341145834,187.3419982910156,13.148986640347134,179.8449935913086,Yes,
2024-02-06 00:00:00-05:00,177.2100067138672,186.49000549316406,177.11000061035156,185.10000610351562,122676000,0.0,0.0,189.24666341145834,186.04400024414062,18.70522077540903,181.8000030517578,Yes,
2024-02-07 00:00:00-05:00,188.17999267578125,189.7899932861328,182.67999267578125,187.5800018310547,111535200,0.0,0.0,184.5800018310547,186.102001953125,22.03331445267087,186.23499298095703,,
2024-02-08 00:00:00-05:00,189.0,191.6199951171875,185.5800018310547,189.55999755859375,83034000,0.0,0.0,184.5800018310547,186.24200134277345,24.708205085224748,188.5999984741211,,
2024-02-09 00:00:00-05:00,190.17999267578125,194.1199951171875,189.47999572753906,193.57000732421875,84476300,0.0,0.0,184.5800018310547,187.3740020751953,29.99530451840975,191.79999542236328,,
2024-02-12 00:00:00-05:00,192.11000061035156,194.72999572753906,187.27999877929688,188.1300048828125,95498600,0.0,0.0,184.5800018310547,188.78800354003906,27.180823787824366,191.00499725341797,,
2024-02-13 00:00:00-05:00,183.99000549316406,187.25999450683594,182.11000061035156,184.02000427246094,86759500,0.0,0.0,186.07500457763672,188.57200317382814,25.23624849341085,184.68499755859375,,
2024-02-14 00:00:00-05:00,185.3000030517578,188.88999938964844,183.35000610351562,188.7100067138672,81203000,0.0,0.0,186.07500457763672,188.79800415039062,31.3298429106099,186.12000274658203,,
2024-02-15 00:00:00-05:00,189.16000366210938,200.8800048828125,188.86000061035156,200.4499969482422,120831800,0.0,0.0,186.07500457763672,190.97600402832032,43.79421292024265,194.87000274658203,Yes,Yes
2024-02-16 00:00:00-05:00,202.05999755859375,203.1699981689453,197.39999389648438,199.9499969482422,111173600,0.0,0.0,196.37000020345053,192.252001953125,43.42929139906423,200.28499603271484,,
2024-02-20 00:00:00-05:00,196.1300048828125,198.60000610351562,189.1300048828125,193.75999450683594,104545800,0.0,0.0,196.37000020345053,193.37799987792968,39.0506080447216,193.86500549316406,Yes,
2024-02-21 00:00:00-05:00,193.36000061035156,199.44000244140625,191.9499969482422,194.77000427246094,103844000,0.0,0.0,196.37000020345053,195.5279998779297,40.12133765265164,195.69499969482422,,
2024-02-22 00:00:00-05:00,194.0,198.32000732421875,191.36000061035156,197.41000366210938,92739500,0.0,0.0,195.3133341471354,197.26799926757812,42.96789702567378,194.84000396728516,,
2024-02-23 00:00:00-05:00,195.30999755859375,197.57000732421875,191.5,191.97000122070312,78841900,0.0,0.0,195.3133341471354,195.5720001220703,38.833070197978834,194.53500366210938,,
2024-02-26 00:00:00-05:00,192.2899932861328,201.77999877929688,192.0,199.39999389648438,111747100,0.0,0.0,195.3133341471354,195.46199951171874,46.479132534592935,196.88999938964844,Yes,
2024-02-27 00:00:00-05:00,204.0399932861328,205.60000610351562,198.25999450683594,199.72999572753906,108645400,0.0,0.0,195.3133341471354,196.65599975585937,46.800181621066905,201.93000030517578,,
2024-02-28 00:00:00-05:00,200.4199981689453,205.3000030517578,198.44000244140625,202.0399932861328,99806200,0.0,0.0,200.3899943033854,198.10999755859376,49.12229362317744,201.87000274658203,,
2024-02-29 00:00:00-05:00,204.17999267578125,205.27999877929688,198.4499969482422,201.8800048828125,85907000,0.0,0.0,200.3899943033854,199.00399780273438,48.961408431680475,201.86499786376953,,
2024-03-01 00:00:00-05:00,200.52000427246094,204.52000427246094,198.5,202.63999938964844,82099200,0.0,0.0,200.3899943033854,201.13799743652345,49.81017302659663,201.51000213623047,,
2024-03-04 00:00:00-05:00,198.72999572753906,199.75,186.72000122070312,188.13999938964844,134334900,0.0,0.0,200.3899943033854,198.88599853515626,37.037102743484176,193.23500061035156,Yes,Yes
2024-03-05 00:00:00-05:00,183.0500030517578,184.58999633789062,177.57000732421875,180.74000549316406,119660800,0.0,0.0,184.44000244140625,195.08800048828124,32.42468579046289,181.0800018310547,,
2024-03-06 00:00:00-05:00,179.99000549316406,181.5800018310547,173.6999969482422,176.5399932861328,107920900,0.0,0.0,184.44000244140625,189.98800048828124,30.111278435705565,177.63999938964844,Yes,
2024-03-07 00:00:00-05:00,174.35000610351562,180.0399932861328,173.6999969482422,178.64999389648438,102129000,0.0,0.0,184.44000244140625,185.3419982910156,32.732047452265675,176.8699951171875,,
2024-03-08 00:00:00-05:00,181.5,182.72999572753906,174.6999969482422,175.33999633789062,85315300,0.0,0.0,176.84332784016928,179.88199768066406,30.764910610258895,178.71499633789062,Yes,
2024-03-11 00:00:00-04:00,175.4499969482422,182.8699951171875,174.8000030517578,177.77000427246094,85391500,0.0,0.0,177.77000427246094,177.80799865722656,33.93328367724706,178.83499908447266,Yes,
2024-03-12 00:00:00-04:00,177.77000427246094,179.42999267578125,172.41000366210938,177.5399932861328,87391700,0.0,0.0,177.77000427246094,177.16799621582032,33.77426467676069,175.9199981689453,,
2024-03-13 00:00:00-04:00,173.0500030517578,176.0500030517578,169.14999389648438,169.47999572753906,106524500,0.0,0.0,177.77000427246094,175.75599670410156,28.658854513574596,172.5999984741211,,
2024-03-14 00:00:00-04:00,167.77000427246094,171.1699981689453,160.50999450683594,162.5,126325700,0.0,0.0,169.83999633789062,172.5259979248047,25.08280819106416,165.83999633789062,Yes,Yes
2024-03-15 00:00:00-04:00,163.16000366210938,165.17999267578125,160.75999450683594,163.57000732421875,96971900,0.0,0.0,169.83999633789062,170.1720001220703,26.608730678881155,162.9699935913086,,
2024-03-18 00:00:00-04:00,170.02000427246094,174.72000122070312,165.89999389648438,173.8000030517578,108214400,0.0,0.0,169.83999633789062,169.37799987792968,39.42947394250225,170.30999755859375,Yes,Yes
2024-03-19 00:00:00-04:00,172.36000061035156,172.82000732421875,167.4199981689453,171.32000732421875,77271400,0.0,0.0,169.83999633789062,168.13400268554688,37.69434154498524,170.12000274658203,,
2024-03-20 00:00:00-04:00,173.0,176.25,170.82000732421875,175.66000366210938,83846700,0.0,0.0,173.5933380126953,169.37000427246093,42.50691991473883,173.53500366210938,,
2024-03-21 00:00:00-04:00,176.38999938964844,178.17999267578125,171.8000030517578,172.82000732421875,73178000,0.0,0.0,173.5933380126953,171.4340057373047,40.29319999113813,174.98999786376953,,
2024-03-22 00:00:00-04:00,166.69000244140625,171.1999969482422,166.3000030517578,170.8300018310547,75454700,0.0,0.0,173.5933380126953,172.88600463867186,38.755930959467456,168.75,,
2024-03-25 00:00:00-04:00,168.75999450683594,175.24000549316406,168.72999572753906,172.6300048828125,74228600,0.0,0.0,173.5933380126953,172.65200500488282,40.97015175157395,171.98500061035156,,
2024-03-26 00:00:00-04:00,178.5800018310547,184.25,177.3800048828125,177.6699981689453,113186200,0.0,0.0,175.1500015258789,173.92200317382813,46.821571771699624,180.81500244140625,,
2024-03-27 00:00:00-04:00,181.41000366210938,181.91000366210938,176.0,179.8300018310547,81804000,0.0,0.0,175.1500015258789,174.7560028076172,49.168806983163044,178.9550018310547,,
2024-03-28 00:00:00-04:00,177.4499969482422,179.57000732421875,175.3000030517578,175.7899932861328,77654800,0.0,0.0,175.1500015258789,175.35,45.11997347011755,177.43500518798828,,
2024-04-01 00:00:00-04:00,176.1699981689453,176.75,170.2100067138672,175.22000122070312,81562100,0.0,0.0,175.22000122070312,176.22799987792968,44.55729824082959,173.4800033569336,,
2024-04-02 00:00:00-04:00,164.75,167.69000244140625,163.42999267578125,166.6300048828125,116650600,0.0,0.0,175.22000122070312,175.0279998779297,36.99912625013633,165.55999755859375,,
2024-04-03 00:00:00-04:00,164.02000427246094,168.82000732421875,163.27999877929688,168.3800048828125,82950100,0.0,0.0,175.22000122070312,173.1700012207031,39.27992751455378,166.0500030517578,,
2024-04-04 00:00:00-04:00,170.07000732421875,177.19000244140625,168.00999450683594,171.11000061035156,123162000,0.0,0.0,168.70667012532553,171.4260009765625,42.79177340011254,172.5999984741211,Yes,
2024-04-05 00:00:00-04:00,169.0800018310547,170.86000061035156,160.50999450683594,164.89999389648438,141250700,0.0,0.0,168.70667012532553,169.2480010986328,37.43802052412137,165.68499755859375,Yes,
2024-04-08 00:00:00-04:00,169.33999633789062,174.5,167.7899932861328,172.97999572753906,104423300,0.0,0.0,168.70667012532553,168.8,46.84359265832087,171.1449966430664,,
2024-04-09 00:00:00-04:00,172.91000366210938,179.22000122070312,171.9199981689453,176.8800048828125,103232700,0.0,0.0,168.70667012532553,170.85,50.72979530846927,175.56999969482422,Yes,
2024-04-10 00:00:00-04:00,173.0399932861328,174.92999267578125,170.00999450683594,171.75999450683594,84532400,0.0,0.0,173.87333170572916,171.5259979248047,45.93739014039526,172.4699935913086,,
2024-04-11 00:00:00-04:00,172.5500030517578,175.8800048828125,168.50999450683594,174.60000610351562,94516000,0.0,0.0,173.87333170572916,172.2239990234375,48.850730964080405,172.19499969482422,Yes,
2024-04-12 00:00:00-04:00,172.33999633789062,173.80999755859375,170.36000061035156,171.0500030517578,64506600,0.0,0.0,173.87333170572916,173.4540008544922,45.51801438787833,172.08499908447266,,
2024-04-15 00:00:00-04:00,170.24000549316406,170.69000244140625,161.3800048828125,161.47999572753906,100245300,0.0,0.0,173.87333170572916,171.15400085449218,37.93469091877353,166.03500366210938,Yes,Yes
2024-04-16 00:00:00-04:00,156.74000549316406,158.19000244140625,153.75,157.11000061035156,97000000,0.0,0.0,159.2949981689453,167.2,35.03741914519233,155.97000122070312,,
2024-04-17 00:00:00-04:00,157.63999938964844,158.3300018310547,153.77999877929688,155.4499969482422,82439700,0.0,0.0,159.2949981689453,163.93800048828126,33.96629184287127,156.05500030517578,,
2024-04-18 00:00:00-04:00,151.25,152.1999969482422,148.6999969482422,149.92999267578125,96098800,0.0,0.0,159.2949981689453,159.00399780273438,30.586560607892565,150.4499969482422,,
2024-04-19 00:00:00-04:00,148.97000122070312,150.94000244140625,146.22000122070312,147.0500030517578,86005100,0.0,0.0,150.80999755859375,154.20399780273436,28.952800497129967,148.5800018310547,,
2024-04-22 00:00:00-04:00,140.55999755859375,144.44000244140625,138.8000030517578,142.0500030517578,107097600,0.0,0.0,142.0500030517578,150.31799926757813,26.30166380684503,141.62000274658203,,
2024-04-23 00:00:00-04:00,143.3300018310547,147.25999450683594,141.11000061035156,144.67999267578125,124545100,0.0,0.0,142.0500030517578,147.83199768066407,29.96801595557434,144.18499755859375,Yes,
2024-04-24 00:00:00-04:00,162.83999633789062,167.97000122070312,157.50999450683594,162.1300048828125,181178000,0.0,0.0,142.0500030517578,149.16799926757812,48.45972642184767,162.73999786376953,Yes,
2024-04-25 00:00:00-04:00,158.9600067138672,170.8800048828125,158.36000061035156,170.17999267578125,126427500,0.0,0.0,158.99666341145834,153.21799926757814,54.48585878348524,164.62000274658203,Yes,Yes
2024-04-26 00:00:00-04:00,168.85000610351562,172.1199951171875,166.3699951171875,168.2899932861328,109815700,0.0,0.0,158.99666341145834,157.46599731445312,52.90721034341639,169.2449951171875,,
2024-04-29 00:00:00-04:00,188.4199981689453,198.8699951171875,184.5399932861328,194.0500030517578,243869700,0.0,0.0,158.99666341145834,167.86599731445312,67.05042137139365,191.70499420166016,Yes,
2024-04-30 00:00:00-04:00,186.97999572753906,190.9499969482422,182.83999633789062,183.27999877929688,127031800,0.0,0.0,158.99666341145834,175.58599853515625,58.99822146246221,186.8949966430664,Yes,
2024-05-01 00:00:00-04:00,182.0,185.86000061035156,179.00999450683594,179.99000549316406,92829700,0.0,0.0,185.7733357747396,179.15799865722656,56.73586003179542,182.43499755859375,,
2024-05-02 00:00:00-04:00,182.86000061035156,184.60000610351562,176.02000427246094,180.00999450683594,89148000,0.0,0.0,185.7733357747396,181.1239990234375,56.74681345083987,180.31000518798828,Yes,
2024-05-03 00:00:00-04:00,182.10000610351562,184.77999877929688,178.4199981689453,181.19000244140625,75491500,0.0,0.0,185.7733357747396,183.7040008544922,57.438241394392755,181.5999984741211,,
2024-05-06 00:00:00-04:00,183.8000030517578,187.55999755859375,182.1999969482422,184.75999450683594,84390300,0.0,0.0,185.7733357747396,181.84599914550782,59.563895635677625,184.87999725341797,,
2024-05-07 00:00:00-04:00,182.39999389648438,183.25999450683594,177.39999389648438,177.80999755859375,75045900,0.0,0.0,181.28499603271484,180.7519989013672,53.87071059741545,180.32999420166016,,
2024-05-08 00:00:00-04:00,171.58999633789062,176.05999755859375,170.14999389648438,174.72000122070312,79969500,0.0,0.0,181.28499603271484,179.697998046875,51.492230961729355,173.10499572753906,,
2024-05-09 00:00:00-04:00,175.00999450683594,175.6199951171875,171.3699951171875,171.97000122070312,65950300,0.0,0.0,181.28499603271484,178.08999938964843,49.3830607048027,173.4949951171875,,
2024-05-10 00:00:00-04:00,173.0500030517578,173.05999755859375,167.75,168.47000122070312,72627200,0.0,0.0,171.72000122070312,175.5459991455078,46.73481670647246,170.40499877929688,,
2024-05-13 00:00:00-04:00,170.0,175.39999389648438,169.0,171.88999938964844,67018900,0.0,0.0,171.88999938964844,172.9720001220703,49.60517390819599,172.1999969482422,,
2024-05-14 00:00:00-04:00,174.5,179.49000549316406,174.07000732421875,177.5500030517578,86407400,0.0,0.0,171.88999938964844,172.9200012207031,54.05865148732989,176.7800064086914,,
2024-05-15 00:00:00-04:00,179.89999389648438,180.0,173.11000061035156,173.99000549316406,79663000,0.0,0.0,171.88999938964844,172.7740020751953,50.97867752581311,176.55500030517578,,
2024-05-16 00:00:00-04:00,174.10000610351562,175.7899932861328,171.42999267578125,174.83999633789062,59812200,0.0,0.0,175.46000162760416,173.3480010986328,51.69295836349201,173.60999298095703,,
2024-05-17 00:00:00-04:00,173.5500030517578,179.6300048828125,172.75,177.4600067138672,77445800,0.0,0.0,175.46000162760416,175.14600219726563,53.941469237049446,176.19000244140625,,
2024-05-20 00:00:00-04:00,177.55999755859375,177.75,173.52000427246094,174.9499969482422,61727400,0.0,0.0,175.46000162760416,175.75800170898438,51.447815971678565,175.63500213623047,,
2024-05-21 00:00:00-04:00,175.50999450683594,186.8800048828125,174.7100067138672,186.60000610351562,115266500,0.0,0.0,175.46000162760416,177.56800231933593,60.62992705072801,180.79500579833984,Yes,Yes
2024-05-22 00:00:00-04:00,182.85000610351562,183.8000030517578,178.1199951171875,180.11000061035156,88313500,0.0,0.0,180.55333455403647,178.79200134277343,54.400248656783454,180.95999908447266,,
2024-05-23 00:00:00-04:00,181.8000030517578,181.89999389648438,173.25999450683594,173.74000549316406,71975500,0.0,0.0,180.55333455403647,178.57200317382814,49.02607256485479,177.57999420166016,Yes,Yes
2024-05-24 00:00:00-04:00,174.83999633789062,180.0800018310547,173.72999572753906,179.24000549316406,65479700,0.0,0.0,180.55333455403647,178.9280029296875,53.35109372187207,176.90499877929688,,
2024-05-28 00:00:00-04:00,176.39999389648438,178.25,173.16000366210938,176.75,59736600,0.0,0.0,176.75,179.28800354003906,51.2127948557487,175.7050018310547,,
2024-05-29 00:00:00-04:00,174.19000244140625,178.14999389648438,173.92999267578125,176.19000244140625,54782600,0.0,0.0,176.75,177.20600280761718,50.71589692275767,176.0399932861328,,
2024-05-30 00:00:00-04:00,178.5800018310547,182.6699981689453,175.3800048828125,178.7899932861328,77784800,0.0,0.0,176.75,176.94200134277344,53.01645071305639,179.0250015258789,Yes,
2024-05-31 00:00:00-04:00,178.5,180.32000732421875,173.82000732421875,178.0800018310547,67314600,0.0,0.0,177.6866658528646,177.81000061035155,52.29192526749856,177.07000732421875,,
2024-06-03 00:00:00-04:00,178.1300048828125,182.63999938964844,174.49000549316406,176.2899932861328,68568900,0.0,0.0,176.2899932861328,177.21999816894532,50.404262488798764,178.56500244140625,Yes,
2024-06-04 00:00:00-04:00,174.77999877929688,177.75999450683594,174.0,174.77000427246094,60056300,0.0,0.0,176.2899932861328,176.8239990234375,48.779012028089745,175.87999725341797,,
2024-06-05 00:00:00-04:00,175.35000610351562,176.14999389648438,172.1300048828125,175.0,57953800,0.0,0.0,176.2899932861328,176.58599853515625,49.04921826999122,174.13999938964844,,
2024-06-06 00:00:00-04:00,174.60000610351562,179.72999572753906,172.72999572753906,177.94000244140625,69887000,0.0,0.0,175.90333557128906,176.41600036621094,52.528730500097055,176.22999572753906,,
2024-06-07 00:00:00-04:00,176.1300048828125,179.35000610351562,175.5800018310547,177.47999572753906,56244900,0.0,0.0,175.90333557128906,176.2959991455078,51.92564612492492,177.46500396728516,,
2024-06-10 00:00:00-04:00,176.05999755859375,178.57000732421875,173.1699981689453,173.7899932861328,50869700,0.0,0.0,175.90333557128906,175.7959991455078,47.2006267560241,175.87000274658203,,
2024-06-11 00:00:00-04:00,173.9199981689453,174.75,167.41000366210938,170.66000366210938,64761900,0.0,0.0,175.90333557128906,174.9739990234375,43.54712291684605,171.0800018310547,Yes,
2024-06-12 00:00:00-04:00,171.1199951171875,180.5500030517578,169.8000030517578,177.2899932861328,90389400,0.0,0.0,173.913330078125,175.43199768066407,52.0860933288368,175.1750030517578,Yes,
2024-06-13 00:00:00-04:00,188.38999938964844,191.0800018310547,181.22999572753906,182.47000122070312,118984100,0.0,0.0,173.913330078125,176.33799743652344,57.54023888279848,186.15499877929688,Yes,
2024-06-14 00:00:00-04:00,185.8000030517578,186.0,176.9199981689453,178.00999450683594,82038200,0.0,0.0,173.913330078125,176.44399719238282,52.00049278174584,181.45999908447266,Yes,
2024-06-17 00:00:00-04:00,177.9199981689453,188.80999755859375,177.0,187.44000244140625,109786100,0.0,0.0,173.913330078125,179.1739990234375,60.696799274390855,182.90499877929688,Yes,Yes
2024-06-18 00:00:00-04:00,186.55999755859375,187.1999969482422,182.3699951171875,184.86000061035156,68982300,0.0,0.0,186.1500015258789,182.01399841308594,57.59371696554014,184.78499603271484,,
2024-06-20 00:00:00-04:00,184.67999267578125,185.2100067138672,179.66000366210938,181.57000732421875,55893100,0.0,0.0,186.1500015258789,182.87000122070313,53.78256565467977,182.43500518798828,,
2024-06-21 00:00:00-04:00,182.3000030517578,183.9499969482422,180.69000244140625,183.00999450683594,63029500,0.0,0.0,182.29000091552734,182.97799987792968,55.19315700539694,182.31999969482422,,
2024-06-24 00:00:00-04:00,184.97000122070312,188.8000030517578,182.5500030517578,182.5800018310547,61992100,0.0,0.0,182.5800018310547,183.89200134277343,54.65176210929103,185.6750030517578,,
2024-06-25 00:00:00-04:00,184.39999389648438,187.97000122070312,182.00999450683594,187.35000610351562,63678300,0.0,0.0,182.5800018310547,183.8740020751953,59.44810237432536,184.98999786376953,,
2024-06-26 00:00:00-04:00,186.5399932861328,197.75999450683594,186.36000061035156,196.3699951171875,95737100,0.0,0.0,182.5800018310547,186.1760009765625,66.68960599515835,192.05999755859375,Yes,Yes
2024-06-27 00:00:00-04:00,195.1699981689453,198.72000122070312,194.0500030517578,197.4199981689453,72746500,0.0,0.0,193.7133331298828,189.34599914550782,67.42562725227205,196.38500213623047,,
2024-06-28 00:00:00-04:00,199.5500030517578,203.1999969482422,195.25999450683594,197.8800048828125,95438100,0.0,0.0,193.7133331298828,192.32000122070312,67.76480447381329,199.22999572753906,,
2024-07-01 00:00:00-04:00,201.02000427246094,213.22999572753906,200.85000610351562,209.86000061035156,135691400,0.0,0.0,193.7133331298828,197.7760009765625,75.10316994278476,207.04000091552734,Yes,
2024-07-02 00:00:00-04:00,218.88999938964844,231.3000030517578,218.05999755859375,231.25999450683594,205047900,0.0,0.0,193.7133331298828,206.55799865722656,82.734708493736,224.68000030517578,Yes,Yes
2024-07-03 00:00:00-04:00,234.55999755859375,248.35000610351562,234.25,246.38999938964844,166561500,0.0,0.0,229.1699981689453,216.56199951171874,86.02636821976988,241.3000030517578,Yes,Yes
2024-07-05 00:00:00-04:00,249.80999755859375,252.3699951171875,242.4600067138672,251.52000427246094,154501200,0.0,0.0,229.1699981689453,227.3820007324219,86.94375048996247,247.41500091552734,Yes,
2024-07-08 00:00:00-04:00,247.7100067138672,259.44000244140625,244.57000732421875,252.94000244140625,157219600,0.0,0.0,229.1699981689453,238.3940002441406,87.19664934666956,252.0050048828125,Yes,
2024-07-09 00:00:00-04:00,251.0,265.6099853515625,250.3000030517578,262.3299865722656,160210900,0.0,0.0,257.63499450683594,248.88799743652345,88.76135175227641,257.95499420166016,Yes,
2024-07-10 00:00:00-04:00,262.79998779296875,267.5899963378906,257.8599853515625,263.260009765625,128519400,0.0,0.0,257.63499450683594,255.28800048828126,88.90729588259694,262.72499084472656,,
2024-07-11 00:00:00-04:00,263.29998779296875,271.0,239.64999389648438,241.02999877929688,221707300,0.0,0.0,257.63499450683594,254.21600036621095,66.4782730182522,255.3249969482422,Yes,Yes
2024-07-12 00:00:00-04:00,235.8000030517578,251.83999633789062,233.08999633789062,248.22999572753906,155955800,0.0,0.0,250.84000142415366,253.55799865722656,69.21260188614605,242.46499633789062,Yes,Yes
2024-07-15 00:00:00-04:00,255.97000122070312,265.6000061035156,251.72999572753906,252.63999938964844,146912900,0.0,0.0,252.63999938964844,253.497998046875,70.79840666401135,258.66500091552734,Yes,Yes
2024-07-16 00:00:00-04:00,255.30999755859375,258.6199951171875,245.8000030517578,256.55999755859375,126332500,0.0,0.0,252.63999938964844,252.34400024414063,72.18276882705837,252.20999908447266,Yes,
2024-07-17 00:00:00-04:00,252.72999572753906,258.4700012207031,246.17999267578125,248.5,115584800,0.0,0.0,252.63999938964844,249.39199829101562,65.26761084568466,252.3249969482422,Yes,
2024-07-18 00:00:00-04:00,251.08999633789062,257.1400146484375,247.1999969482422,249.22999572753906,110869000,0.0,0.0,251.42999776204428,251.03199768066406,65.59211786248498,252.17000579833984,,
2024-07-19 00:00:00-04:00,247.7899932861328,249.44000244140625,236.8300018310547,239.1999969482422,87403900,0.0,0.0,251.42999776204428,249.2259979248047,57.560440131939416,243.13500213623047,Yes,
2024-07-22 00:00:00-04:00,244.2100067138672,253.2100067138672,243.75,251.50999450683594,101225400,0.0,0.0,251.42999776204428,248.9999969482422,63.51958153863353,248.4800033569336,,
2024-07-23 00:00:00-04:00,253.60000610351562,255.75999450683594,245.6300048828125,246.3800048828125,111928200,0.0,0.0,251.42999776204428,246.96399841308593,59.721089385729066,250.69499969482422,Yes,
2024-07-24 00:00:00-04:00,225.4199981689453,225.99000549316406,214.7100067138672,215.99000549316406,167942900,0.0,0.0,237.96000162760416,240.46199951171874,43.11800870280788,220.35000610351562,Yes,
2024-07-25 00:00:00-04:00,216.8000030517578,226.0,216.22999572753906,220.25,100636500,0.0,0.0,237.96000162760416,234.66600036621094,45.429587560966496,221.11499786376953,Yes,
2024-07-26 00:00:00-04:00,221.19000244140625,222.27999877929688,215.3300018310547,219.8000030517578,94604100,0.0,0.0,237.96000162760416,230.78600158691407,45.21859667079452,218.80500030517578,,
2024-07-29 00:00:00-04:00,224.89999389648438,234.27000427246094,224.6999969482422,232.10000610351562,129201800,0.0,0.0,237.96000162760416,226.90400390625,51.86106122695462,229.48500061035156,Yes,
2024-07-30 00:00:00-04:00,232.25,232.41000366210938,220.0,222.6199951171875,100560300,0.0,0.0,227.36000061035156,222.152001953125,47.078760259229774,226.2050018310547,Yes,
2024-07-31 00:00:00-04:00,227.89999389648438,234.67999267578125,226.7899932861328,232.07000732421875,67497000,0.0,0.0,227.36000061035156,225.36800231933594,51.8860693290505,230.73499298095703,,
2024-08-01 00:00:00-04:00,227.69000244140625,231.8699951171875,214.3300018310547,216.86000061035156,83861900,0.0,0.0,227.36000061035156,224.69000244140625,44.77101551329472,223.0999984741211,Yes,Yes
2024-08-02 00:00:00-04:00,214.8800048828125,216.1300048828125,205.77999877929688,207.6699981689453,82880100,0.0,0.0,218.86666870117188,222.26400146484374,41.07211321776275,210.9550018310547,Yes,
2024-08-05 00:00:00-04:00,185.22000122070312,203.8800048828125,182.0,198.8800048828125,100308800,0.0,0.0,198.8800048828125,215.62000122070313,37.82332977573196,192.94000244140625,Yes,Yes
2024-08-06 00:00:00-04:00,200.75,202.89999389648438,192.6699981689453,200.63999938964844,73783900,0.0,0.0,198.8800048828125,211.2240020751953,38.875590433662815,197.78499603271484,Yes,
2024-08-07 00:00:00-04:00,200.77000427246094,203.49000549316406,191.47999572753906,191.75999450683594,71159800,0.0,0.0,198.8800048828125,203.16199951171876,35.573864754906154,197.48500061035156,Yes,Yes
2024-08-08 00:00:00-04:00,195.6999969482422,200.6999969482422,192.0399932861328,198.83999633789062,65033900,0.0,0.0,197.07999674479166,199.55799865722656,39.990734941555765,196.3699951171875,Yes,
2024-08-09 00:00:00-04:00,197.0500030517578,200.8800048828125,195.11000061035156,200.0,58648300,0.0,0.0,197.07999674479166,198.0239990234375,40.71456848269613,197.99500274658203,,
2024-08-12 00:00:00-04:00,199.02000427246094,199.25999450683594,194.6699981689453,197.49000549316406,64044900,0.0,0.0,197.07999674479166,197.74599914550782,39.591395146017,196.96499633789062,,
2024-08-13 00:00:00-04:00,198.47000122070312,208.49000549316406,197.05999755859375,207.8300018310547,76247400,0.0,0.0,197.07999674479166,199.18399963378906,46.2329932908539,202.7750015258789,Yes,Yes
2024-08-14 00:00:00-04:00,207.38999938964844,208.44000244140625,198.75,201.3800048828125,70250000,0.0,0.0,202.23333740234375,201.10800170898438,43.02560134174997,203.59500122070312,Yes,
2024-08-15 00:00:00-04:00,205.02000427246094,215.8800048828125,204.82000732421875,214.13999938964844,89848500,0.0,0.0,202.23333740234375,204.16800231933593,50.421583059903355,210.35000610351562,Yes,
2024-08-16 00:00:00-04:00,211.14999389648438,219.8000030517578,210.8000030517578,216.1199951171875,88765100,0.0,0.0,202.23333740234375,207.39200134277343,51.4838372707296,215.3000030517578,Yes,
2024-08-19 00:00:00-04:00,217.07000732421875,222.97999572753906,214.08999633789062,222.72000122070312,76435200,0.0,0.0,202.23333740234375,212.43800048828126,54.97881926967617,218.53499603271484,Yes,
2024-08-20 00:00:00-04:00,224.8800048828125,228.22000122070312,219.55999755859375,221.10000610351562,74001200,0.0,0.0,221.91000366210938,215.09200134277344,53.94208426295716,223.88999938964844,,
2024-08-21 00:00:00-04:00,222.6699981689453,224.66000366210938,218.86000061035156,223.27000427246094,70146000,0.0,0.0,221.91000366210938,219.47000122070312,55.172838746487884,221.76000213623047,,
2024-08-22 00:00:00-04:00,223.82000732421875,224.8000030517578,210.32000732421875,210.66000366210938,79514500,0.0,0.0,221.91000366210938,218.7740020751953,47.205274314570545,217.56000518798828,Yes,Yes
2024-08-23 00:00:00-04:00,214.4600067138672,221.47999572753906,214.2100067138672,220.32000732421875,81525200,0.0,0.0,218.08333841959634,219.61400451660157,52.87224961751884,217.84500122070312,,
2024-08-26 00:00:00-04:00,218.75,219.08999633789062,211.00999450683594,213.2100067138672,59301200,0.0,0.0,213.2100067138672,217.71200561523438,48.690929950860365,215.04999542236328,,
2024-08-27 00:00:00-04:00,213.25,215.66000366210938,206.94000244140625,209.2100067138672,62821400,0.0,0.0,213.2100067138672,215.3340057373047,46.444847724610874,211.3000030517578,Yes,
2024-08-28 00:00:00-04:00,209.72000122070312,211.83999633789062,202.58999633789062,205.75,64116400,0.0,0.0,213.2100067138672,211.8300048828125,44.514190456052646,207.21499633789062,Yes,
2024-08-29 00:00:00-04:00,209.8000030517578,214.88999938964844,205.97000122070312,206.27999877929688,62308800,0.0,0.0,207.0800018310547,210.95400390625,44.895575983573345,210.43000030517578,Yes,
2024-08-30 00:00:00-04:00,208.6300048828125,214.57000732421875,207.02999877929688,214.11000061035156,63370600,0.0,0.0,207.0800018310547,209.71200256347657,50.373262498879356,210.8000030517578,,
2024-09-03 00:00:00-04:00,215.25999450683594,219.89999389648438,209.63999938964844,210.60000610351562,76714200,0.0,0.0,207.0800018310547,209.19000244140625,48.04610570473833,214.7699966430664,Yes,
2024-09-04 00:00:00-04:00,210.58999633789062,222.22000122070312,210.57000732421875,219.41000366210938,80651800,0.0,0.0,215.0050048828125,211.2300018310547,53.86139767022075,216.39500427246094,Yes,
2024-09-05 00:00:00-04:00,223.49000549316406,235.0,222.25,230.1699981689453,119355000,0.0,0.0,215.0050048828125,216.11400146484374,59.83037140783273,228.625,Yes,
2024-09-06 00:00:00-04:00,232.60000610351562,233.60000610351562,210.50999450683594,210.72999572753906,112177000,0.0,0.0,215.0050048828125,217.00400085449218,47.709440060548694,222.05500030517578,Yes,Yes
2024-09-09 00:00:00-04:00,216.1999969482422,219.8699951171875,213.6699981689453,216.27000427246094,67443500,0.0,0.0,215.0050048828125,217.43600158691407,50.79711219051245,216.7699966430664,,
2024-09-10 00:00:00-04:00,220.07000732421875,226.39999389648438,218.63999938964844,226.1699981689453,78891100,0.0,0.0,221.22000122070312,220.55,55.85977594161683,222.5199966430664,,
2024-09-11 00:00:00-04:00,224.5500030517578,228.47000122070312,216.8000030517578,228.1300048828125,83548600,0.0,0.0,221.22000122070312,222.29400024414062,56.81597091235345,222.63500213623047,Yes,Yes
2024-09-12 00:00:00-04:00,224.66000366210938,231.4499969482422,223.8300018310547,229.80999755859375,72020000,0.0,0.0,221.22000122070312,222.2220001220703,57.67028827851908,227.63999938964844,,
2024-09-13 00:00:00-04:00,228.0,232.6699981689453,226.32000732421875,230.2899932861328,59515100,0.0,0.0,229.40999857584634,226.13399963378907,57.928766215791825,229.49500274658203,,
2024-09-16 00:00:00-04:00,229.3000030517578,229.9600067138672,223.52999877929688,226.77999877929688,54323000,0.0,0.0,226.77999877929688,228.23599853515626,55.24731098226232,226.74500274658203,,
2024-09-17 00:00:00-04:00,229.4499969482422,234.57000732421875,226.5500030517578,227.8699951171875,66761600,0.0,0.0,226.77999877929688,228.57599792480468,55.935793630507,230.56000518798828,,
2024-09-18 00:00:00-04:00,230.08999633789062,235.67999267578125,226.8800048828125,227.1999969482422,78010200,0.0,0.0,226.77999877929688,228.38999633789064,55.3667006126003,231.27999877929688,,
2024-09-19 00:00:00-04:00,234.0,244.24000549316406,232.1300048828125,243.9199981689453,102694600,0.0,0.0,232.99666341145834,231.21199645996094,65.02021504012569,238.18500518798828,Yes,Yes
2024-09-20 00:00:00-04:00,241.52000427246094,243.99000549316406,235.9199981689453,238.25,99879100,0.0,0.0,232.99666341145834,232.8039978027344,60.21933146343282,239.9550018310547,,
2024-09-23 00:00:00-04:00,242.61000061035156,250.0,241.9199981689453,250.0,86927200,0.0,0.0,232.99666341145834,237.447998046875,65.89209788133232,245.95999908447266,,
2024-09-24 00:00:00-04:00,254.0800018310547,257.19000244140625,249.0500030517578,254.27000427246094,88491000,0.0,0.0,232.99666341145834,242.72799987792968,67.71088385687634,253.12000274658203,,
2024-09-25 00:00:00-04:00,252.5399932861328,257.04998779296875,252.27999877929688,257.0199890136719,65034300,0.0,0.0,253.7633310953776,248.69199829101564,68.87281549148042,254.6649932861328,,
2024-09-26 00:00:00-04:00,260.6000061035156,261.75,251.52999877929688,254.22000122070312,67142200,0.0,0.0,253.7633310953776,250.7519989013672,66.23496745579217,256.63999938964844,,
2024-09-27 00:00:00-04:00,257.3800048828125,260.70001220703125,254.1199951171875,260.4599914550781,70988100,0.0,0.0,253.7633310953776,255.19399719238282,69.10163530104141,257.4100036621094,,
2024-09-30 00:00:00-04:00,259.0400085449219,264.8599853515625,255.77000427246094,261.6300048828125,80705700,0.0,0.0,253.7633310953776,257.51999816894534,69.62718567123196,260.3149948120117,,
2024-10-01 00:00:00-04:00,262.6700134277344,263.9800109863281,248.52999877929688,258.0199890136719,87397600,0.0,0.0,259.8249969482422,258.2699951171875,65.86971930483756,256.2550048828125,Yes,
2024-10-02 00:00:00-04:00,247.5500030517578,251.16000366210938,241.5,249.02000427246094,93983900,0.0,0.0,259.8249969482422,256.6699981689453,57.4659911236309,246.3300018310547,,
2024-10-03 00:00:00-04:00,244.47999572753906,249.7899932861328,237.80999755859375,240.66000366210938,80729200,0.0,0.0,259.8249969482422,253.95799865722657,50.90829290517406,243.79999542236328,Yes,
2024-10-04 00:00:00-04:00,246.69000244140625,250.9600067138672,244.5800018310547,250.0800018310547,86573200,0.0,0.0,246.586669921875,251.8820007324219,56.92820535124545,247.77000427246094,,
2024-10-07 00:00:00-04:00,249.0,249.8300018310547,240.6999969482422,240.8300018310547,68113300,0.0,0.0,240.8300018310547,247.7220001220703,50.339581309791846,245.26499938964844,,
2024-10-08 00:00:00-04:00,243.55999755859375,246.2100067138672,240.55999755859375,244.5,56303200,0.0,0.0,240.8300018310547,245.01800231933595,52.70039148000685,243.38500213623047,,
2024-10-09 00:00:00-04:00,243.82000732421875,247.42999267578125,239.50999450683594,241.0500030517578,66289500,0.0,0.0,240.8300018310547,243.42400207519532,50.25904211004276,243.4699935913086,,
2024-10-10 00:00:00-04:00,241.80999755859375,242.7899932861328,232.33999633789062,238.77000427246094,83087100,0.0,0.0,241.44000244140625,243.04600219726564,48.64043436860395,237.56499481201172,Yes,
2024-10-11 00:00:00-04:00,220.1300048828125,223.33999633789062,214.3800048828125,217.8000030517578,142628900,0.0,0.0,241.44000244140625,236.59000244140626,36.794149155424314,218.86000061035156,Yes,
2024-10-14 00:00:00-04:00,220.1300048828125,221.91000366210938,213.74000549316406,219.16000366210938,86291900,0.0,0.0,241.44000244140625,232.2560028076172,37.86099544686439,217.82500457763672,,
2024-10-15 00:00:00-04:00,220.00999450683594,224.25999450683594,217.1199951171875,219.57000732421875,62988800,0.0,0.0,241.44000244140625,227.27000427246094,38.20279712698708,220.68999481201172,,
2024-10-16 00:00:00-04:00,221.39999389648438,222.82000732421875,218.92999267578125,221.3300018310547,49632800,0.0,0.0,220.02000427246094,223.3260040283203,39.74915077493788,220.875,,
2024-10-17 00:00:00-04:00,221.58999633789062,222.0800018310547,217.89999389648438,220.88999938964844,50791800,0.0,0.0,220.02000427246094,219.7500030517578,39.48069009430628,219.98999786376953,,
2024-10-18 00:00:00-04:00,220.7100067138672,222.27999877929688,219.22999572753906,220.6999969482422,49611900,0.0,0.0,220.02000427246094,220.3300018310547,39.3559289733114,220.75499725341797,,
2024-10-21 00:00:00-04:00,218.89999389648438,220.47999572753906,215.72999572753906,218.85000610351562,47329000,0.0,0.0,220.02000427246094,220.26800231933595,38.08230753888263,218.10499572753906,,
2024-10-22 00:00:00-04:00,217.30999755859375,218.22000122070312,215.25999450683594,217.97000122070312,43268700,0.0,0.0,218.41000366210938,219.9480010986328,37.4555862240034,216.73999786376953,,
2024-10-23 00:00:00-04:00,217.1300048828125,218.72000122070312,212.11000061035156,213.64999389648438,80938900,0.0,0.0,218.41000366210938,218.41199951171876,34.431982879560124,215.41500091552734,,
2024-10-24 00:00:00-04:00,244.67999267578125,262.1199951171875,242.64999389648438,260.4800109863281,204491900,0.0,0.0,218.41000366210938,226.3300018310547,66.39561697213396,252.38499450683594,Yes,Yes
2024-10-25 00:00:00-04:00,256.010009765625,269.489990234375,255.32000732421875,269.19000244140625,161611900,0.0,0.0,247.7733357747396,236.0280029296875,69.41032052000013,262.4049987792969,Yes,Yes
2024-10-28 00:00:00-04:00,270.0,273.5400085449219,262.239990234375,262.510009765625,107653600,0.0,0.0,262.510009765625,244.76000366210937,64.58060836916518,267.88999938964844,Yes,Yes
2024-10-29 00:00:00-04:00,264.510009765625,264.9800109863281,255.50999450683594,259.5199890136719,80521800,0.0,0.0,262.510009765625,253.07000122070312,62.465899508868105,260.24500274658203,,
2024-10-30 00:00:00-04:00,258.0400085449219,263.3500061035156,255.82000732421875,257.54998779296875,53993600,0.0,0.0,262.510009765625,261.85,61.034604833847574,259.5850067138672,,
2024-10-31 00:00:00-04:00,257.989990234375,259.75,249.25,249.85000610351562,66575300,0.0,0.0,255.6399943033854,259.7239990234375,55.620163092370746,254.5,Yes,
2024-11-01 00:00:00-04:00,252.0399932861328,254.0,246.6300048828125,248.97999572753906,57544800,0.0,0.0,255.6399943033854,255.68199768066407,55.02071621827823,250.31500244140625,,
2024-11-04 00:00:00-05:00,244.55999755859375,248.89999389648438,238.8800048828125,242.83999633789062,68802400,0.0,0.0,255.6399943033854,251.74799499511718,50.819233150202194,243.88999938964844,Yes,
2024-11-05 00:00:00-05:00,247.33999633789062,255.27999877929688,246.2100067138672,251.44000244140625,69282500,0.0,0.0,255.6399943033854,250.13199768066406,55.941357253616765,250.74500274658203,,
2024-11-06 00:00:00-05:00,284.6700134277344,289.5899963378906,275.6199951171875,288.5299987792969,165228700,0.0,0.0,260.93666585286456,256.3279998779297,70.39528520902681,282.60499572753906,Yes,Yes
2024-11-07 00:00:00-05:00,288.8900146484375,299.75,285.5199890136719,296.9100036621094,117309200,0.0,0.0,260.93666585286456,265.73999938964846,72.60259765872769,292.63499450683594,Yes,
2024-11-08 00:00:00-05:00,299.1400146484375,328.7099914550781,297.6600036621094,321.2200012207031,204782800,0.0,0.0,260.93666585286456,280.18800048828126,77.81769500844199,313.18499755859375,Yes,Yes
2024-11-11 00:00:00-05:00,346.29998779296875,358.6400146484375,336.0,350.0,210521600,0.0,0.0,260.93666585286456,301.6200012207031,82.1821204567139,347.32000732421875,Yes,
2024-11-12 00:00:00-05:00,342.739990234375,345.8399963378906,323.30999755859375,328.489990234375,155726000,0.0,0.0,339.2449951171875,317.0299987792969,70.8564975494664,334.5749969482422,Yes,
2024-11-13 00:00:00-05:00,335.8500061035156,344.6000061035156,322.5,330.239990234375,125405600,0.0,0.0,339.2449951171875,325.3719970703125,71.20739110059603,333.5500030517578,Yes,
2024-11-14 00:00:00-05:00,327.69000244140625,329.9800109863281,310.3699951171875,311.17999267578125,120726100,0.0,0.0,339.2449951171875,328.2259948730469,62.32387210889583,320.1750030517578,Yes,Yes
2024-11-15 00:00:00-05:00,310.57000732421875,324.67999267578125,309.2200012207031,320.7200012207031,114440300,0.0,0.0,320.7133280436198,328.12599487304686,64.7185364581206,316.9499969482422,Yes,
2024-11-18 00:00:00-05:00,340.7300109863281,348.54998779296875,330.010009765625,338.739990234375,126547500,0.0,0.0,338.739990234375,325.8739929199219,68.79115731528465,339.2799987792969,Yes,
2024-11-19 00:00:00-05:00,335.760009765625,347.3800048828125,332.75,346.0,88852500,0.0,0.0,338.739990234375,329.37599487304686,70.29285713744784,340.06500244140625,Yes,
2024-11-20 00:00:00-05:00,345.0,346.6000061035156,334.29998779296875,342.0299987792969,66340700,0.0,0.0,338.739990234375,331.73399658203124,68.33835743197714,340.4499969482422,,
2024-11-21 00:00:00-05:00,343.80999755859375,347.989990234375,335.2799987792969,339.6400146484375,58011700,0.0,0.0,342.5566711425781,337.4260009765625,67.11719133903333,341.63499450683594,,
2024-11-22 00:00:00-05:00,341.0899963378906,361.5299987792969,337.70001220703125,352.55999755859375,89140700,0.0,0.0,342.5566711425781,343.79400024414065,70.24180209480743,349.61500549316406,Yes,
2024-11-25 00:00:00-05:00,360.1400146484375,361.92999267578125,338.20001220703125,338.5899963378906,95890900,0.0,0.0,342.5566711425781,343.7640014648438,63.18529601635798,350.06500244140625,Yes,Yes
2024-11-26 00:00:00-05:00,341.0,346.9599914550781,335.6600036621094,338.2300109863281,62295900,0.0,0.0,342.5566711425781,342.2100036621094,63.00800352164493,341.30999755859375,,
2024-11-27 00:00:00-05:00,341.79998779296875,342.54998779296875,326.5899963378906,332.8900146484375,57896400,0.0,0.0,336.57000732421875,340.3820068359375,60.280775440919165,334.5699920654297,Yes,
2024-11-29 00:00:00-05:00,336.0799865722656,345.45001220703125,334.6499938964844,345.1600036621094,37167600,0.0,0.0,336.57000732421875,341.4860046386719,64.1556837383292,340.0500030517578,,
2024-12-02 00:00:00-05:00,352.3800048828125,360.0,351.1499938964844,357.0899963378906,77986500,0.0,0.0,336.57000732421875,342.3920043945312,67.50590359508793,355.5749969482422,,
2024-12-03 00:00:00-05:00,351.79998779296875,355.69000244140625,348.20001220703125,351.4200134277344,58267200,0.0,0.0,354.2550048828125,344.9580078125,64.39655518000704,351.94500732421875,,
2024-12-04 00:00:00-05:00,353.0,358.1000061035156,348.6000061035156,357.92999267578125,50810900,0.0,0.0,354.2550048828125,348.89800415039065,66.33189121506226,353.3500061035156,,
2024-12-05 00:00:00-05:00,359.8699951171875,375.42999267578125,359.5,369.489990234375,81403600,0.0,0.0,354.2550048828125,356.21799926757814,69.52889318051173,367.4649963378906,Yes,
2024-12-06 00:00:00-05:00,377.4200134277344,389.489990234375,370.79998779296875,389.2200012207031,81455800,0.0,0.0,372.2133280436198,365.0299987792969,74.09270750579441,380.1449890136719,Yes,Yes
2024-12-09 00:00:00-05:00,397.6099853515625,404.79998779296875,378.010009765625,389.7900085449219,96359200,0.0,0.0,389.7900085449219,371.57000122070315,74.21398751127964,391.4049987792969,Yes,
2024-12-10 00:00:00-05:00,392.67999267578125,409.7300109863281,390.8500061035156,400.989990234375,97563600,0.0,0.0,389.7900085449219,381.48399658203124,76.55775943340664,400.2900085449219,Yes,
2024-12-11 00:00:00-05:00,409.70001220703125,424.8800048828125,402.3800048828125,424.7699890136719,104287600,0.0,0.0,389.7900085449219,394.85199584960935,80.6225213549098,413.6300048828125,Yes,Yes
2024-12-12 00:00:00-05:00,424.8399963378906,429.29998779296875,415.0,418.1000061035156,87752200,0.0,0.0,414.6199951171875,404.5739990234375,76.57447843680283,422.1499938964844,,
2024-12-13 00:00:00-05:00,420.0,436.29998779296875,415.7099914550781,436.2300109863281,89000200,0.0,0.0,414.6199951171875,413.9760009765625,79.60063111917816,426.00498962402344,Yes,Yes
2024-12-16 00:00:00-05:00,441.0899963378906,463.19000244140625,436.1499938964844,463.0199890136719,114083800,0.0,0.0,414.6199951171875,428.6219970703125,83.10591269618915,449.6699981689453,Yes,Yes
2024-12-17 00:00:00-05:00,475.8999938964844,483.989990234375,457.510009765625,479.8599853515625,131223000,0.0,0.0,414.6199951171875,444.39599609375,84.88096830952074,470.75,Yes,
2024-12-18 00:00:00-05:00,466.5,488.5400085449219,427.010009765625,440.1300048828125,149340800,0.0,0.0,461.0033264160156,447.46799926757814,66.86477120748444,457.77500915527344,Yes,Yes
2024-12-19 00:00:00-05:00,451.8800048828125,456.3599853515625,420.0199890136719,436.1700134277344,118566100,0.0,0.0,461.0033264160156,451.0820007324219,65.36175192111855,438.1899871826172,Yes,
2024-12-20 00:00:00-05:00,425.510009765625,447.0799865722656,417.6400146484375,421.05999755859375,132216200,0.0,0.0,461.0033264160156,448.047998046875,59.787807167096176,432.36000061035156,Yes,Yes
2024-12-23 00:00:00-05:00,431.0,434.510009765625,415.4100036621094,430.6000061035156,72698100,0.0,0.0,461.0033264160156,441.5640014648437,62.01107602151161,424.9600067138672,Yes,
2024-12-24 00:00:00-05:00,435.8999938964844,462.7799987792969,435.1400146484375,462.2799987792969,59551800,0.0,0.0,446.44000244140625,438.0480041503906,68.33106314084856,448.9600067138672,Yes,Yes
2024-12-26 00:00:00-05:00,465.1600036621094,465.3299865722656,451.0199890136719,454.1300048828125,76366400,0.0,0.0,446.44000244140625,440.84800415039064,65.29357873366224,458.17498779296875,,
2024-12-27 00:00:00-05:00,449.5199890136719,450.0,426.5,431.6600036621094,82666800,0.0,0.0,442.89500427246094,439.9460021972656,57.617985762893156,438.25,Yes,
2024-12-30 00:00:00-05:00,419.3999938964844,427.0,415.75,417.4100036621094,64941000,0.0,0.0,417.4100036621094,439.21600341796875,53.29897522644386,421.375,,
